<step title="Incoming Request" date="2025-11-24T22:16:32.022" instance="d8ce03" url="/api/zipdeploy?isAsync=true" method="POST" type="request" pid="770,1,22" Accept="*/*" Host="learnai-app.scm.azurewebsites.net" User-Agent="AZURECLI/2.80.0 (MSI)" Accept-Encoding="gzip, deflate" Authorization="Bea..." Cache-Control="no-cache" Content-Type="application/octet-stream" Content-Length="304407" x-ms-client-request-id="2abcf7aa-c983-11f0-ba23-70cf494b569e" x-ms-artifact-checksum="10fe02cab63cffaa502448fb0921d298d6aadec588c9910a4861cdaf4b78157f" X-ARR-LOG-ID="2abcf7aa-c983-11f0-ba23-70cf494b569e" CLIENT-IP="41.202.207.172:29507" X-SITE-DEPLOYMENT-ID="learnai-app" WAS-DEFAULT-HOSTNAME="learnai-app.scm.azurewebsites.net" X-Forwarded-Proto="https" X-AppService-Proto="https" X-Forwarded-TlsVersion="1.3" X-WAWS-Unencoded-URL="/api/zipdeploy?isAsync=true" X-Client-IP="41.202.207.172" X-Client-Port="29507" >
  <step title="ZipPushDeploy" date="2025-11-24T22:16:32.875" >
    <step title="ZipDeploy. Extract zip. Remote build." date="2025-11-24T22:16:32.882" /><!-- duration: 4ms -->
    <step title="None repository commit" date="2025-11-24T22:16:32.901" >
      <step title="Commit id: 9c90432b-f2ec-4de8-986b-c6cfe9c83dae" date="2025-11-24T22:16:32.905" Message="N/A" AuthorName="N/A" AuthorEmail="N/A" /><!-- duration: 2ms -->
    </step><!-- duration: 10ms -->
    <step title="Starting PushDeployAsync" date="2025-11-24T22:16:32.913" /><!-- duration: 2ms -->
    <step title="Writing artifact to /tmp/zipdeploy/3421cd32-5079-4325-98d5-258be5eaf893.zip" date="2025-11-24T22:16:32.942" >
      <step title="Writing multipart request body to /tmp/zipdeploy/3421cd32-5079-4325-98d5-258be5eaf893.zip" date="2025-11-24T22:16:32.946" /><!-- duration: 5ms -->
    </step><!-- duration: 216ms -->
    <step title="Start deployment in the background" date="2025-11-24T22:16:33.168" >
      <step title="Acquiring Deployment Lock" date="2025-11-24T22:16:33.226" /><!-- duration: 4ms -->
      <step title="Acquired Deployment Lock" date="2025-11-24T22:16:33.300" /><!-- duration: 3ms -->
    </step><!-- duration: 253ms -->
  </step><!-- duration: 555ms -->
  <step title="Outgoing response" date="2025-11-24T22:16:33.469" type="response" statusCode="202" statusText="Accepted" /><!-- duration: 10ms -->
</step><!-- duration: 1468ms -->
