﻿<?xml version="1.0" encoding="utf-8"?>
<deployment>
  <id>9c90432b-f2ec-4de8-986b-c6cfe9c83dae</id>
  <author>N/A</author>
  <deployer>Push-Deployer</deployer>
  <authorEmail>N/A</authorEmail>
  <message>Created via a push deployment</message>
  <progress></progress>
  <status>Failed</status>
  <statusText>Deployment has been stopped due to SCM container restart. The restart can happen due to a management operation on site. Do not perform a management operation and a deployment operation in quick succession. Adding a small delay can help avoid any conflicts.</statusText>
  <lastSuccessEndTime />
  <receivedTime>2025-11-24T22:16:37.4365538Z</receivedTime>
  <startTime>2025-11-24T22:16:38.8852736Z</startTime>
  <endTime>2025-11-24T22:29:11.2103982Z</endTime>
  <complete>True</complete>
  <is_temp>False</is_temp>
  <is_readonly>True</is_readonly>
  <buildSummary />
</deployment>