﻿<?xml version="1.0" encoding="utf-8"?>
<deployment>
  <id>30234da8-e7da-47d2-b50e-0ec8baedf192</id>
  <author>N/A</author>
  <deployer>OneDeploy</deployer>
  <authorEmail>N/A</authorEmail>
  <message>OneDeploy</message>
  <progress></progress>
  <status>Success</status>
  <statusText></statusText>
  <lastSuccessEndTime>2025-11-25T00:14:26.1242763Z</lastSuccessEndTime>
  <receivedTime>2025-11-25T00:08:26.2681907Z</receivedTime>
  <startTime>2025-11-25T00:08:27.6644954Z</startTime>
  <endTime>2025-11-25T00:14:26.1242763Z</endTime>
  <complete>True</complete>
  <is_temp>False</is_temp>
  <is_readonly>True</is_readonly>
  <buildSummary />
</deployment>