﻿<?xml version="1.0" encoding="utf-8"?>
<deployment>
  <id>3208931a-8dcd-43d8-b87a-efc1cf786529</id>
  <author>N/A</author>
  <deployer>OneDeploy</deployer>
  <authorEmail>N/A</authorEmail>
  <message>OneDeploy</message>
  <progress></progress>
  <status>Success</status>
  <statusText></statusText>
  <lastSuccessEndTime>2025-11-25T08:30:24.5261503Z</lastSuccessEndTime>
  <receivedTime>2025-11-25T08:24:51.5799373Z</receivedTime>
  <startTime>2025-11-25T08:24:52.9946074Z</startTime>
  <endTime>2025-11-25T08:30:24.5261503Z</endTime>
  <complete>True</complete>
  <is_temp>False</is_temp>
  <is_readonly>True</is_readonly>
  <buildSummary />
</deployment>