﻿<?xml version="1.0" encoding="utf-8"?>
<deployment>
  <id>e146f4bb-4171-4400-a3ac-ea38b1604de1</id>
  <author>N/A</author>
  <deployer>OneDeploy</deployer>
  <authorEmail>N/A</authorEmail>
  <message>OneDeploy</message>
  <progress></progress>
  <status>Success</status>
  <statusText></statusText>
  <lastSuccessEndTime>2025-11-25T00:01:41.5967914Z</lastSuccessEndTime>
  <receivedTime>2025-11-24T23:55:09.4701137Z</receivedTime>
  <startTime>2025-11-24T23:55:11.1448243Z</startTime>
  <endTime>2025-11-25T00:01:41.5967914Z</endTime>
  <complete>True</complete>
  <is_temp>False</is_temp>
  <is_readonly>True</is_readonly>
  <buildSummary />
</deployment>