﻿<?xml version="1.0" encoding="utf-8"?>
<deployment>
  <id>d0eca1b9-a171-42ee-b4ab-160fc6fd7f4c</id>
  <author>N/A</author>
  <deployer>OneDeploy</deployer>
  <authorEmail>N/A</authorEmail>
  <message>OneDeploy</message>
  <progress></progress>
  <status>Success</status>
  <statusText></statusText>
  <lastSuccessEndTime>2025-11-24T23:31:44.6767237Z</lastSuccessEndTime>
  <receivedTime>2025-11-24T23:13:20.4514748Z</receivedTime>
  <startTime>2025-11-24T23:13:21.8835322Z</startTime>
  <endTime>2025-11-24T23:31:44.6767237Z</endTime>
  <complete>True</complete>
  <is_temp>False</is_temp>
  <is_readonly>True</is_readonly>
  <buildSummary />
</deployment>