<step title="Incoming Request" date="2025-11-25T08:24:46.703" instance="d8ce03" url="/api/publish?async=true&amp;deployer=GITHUB_ONE_DEPLOY&amp;type=zip&amp;message=%7B%22type%22%3A%22deployment%22%2C%22sha%22%3A%228563653c65340a3a7e280e43d871b0967c348cb9%22%2C%22repoName%22%3A%22Junior620%2FlearnAI%22%2C%22actor%22%3A%22Junior620%22%2C%22slotName%22%3A%22Production%22%2C%22commitMessage%22%3A%22Add%20app.py%20entry%20point%20for%20Azure%22%7D" method="POST" type="request" pid="770,1,72" Host="learnai-app.scm.azurewebsites.net" User-Agent="GITHUBACTIONS_DeployWebAppToAzure_9767a614f689813e3677eebe167d25ccc800c22238519a94f255bdb6ea441a00" Authorization="Bea..." Content-Type="application/octet-stream" Cookie="ARRAffinity=d8ce030d10a8488f5af05adb44862a92568cc382a56095090ac9f1a788fb1dff;Path=/;HttpOnly;Secure;Domain=learnai-app.scm.azurewebsites.net; ARRAffinitySameSite=d8ce030d10a8488f5af05adb44862a92568cc382a56095090ac9f1a788fb1dff;Path=/;HttpOnly;SameSite=None;Secure;Domain=learnai-app.scm.azurewebsites.net" Transfer-Encoding="chunked" X-ARR-LOG-ID="36bb5a1b-726a-4375-a6b1-b02e383156d4" CLIENT-IP="172.212.165.74:48128" X-SITE-DEPLOYMENT-ID="learnai-app" WAS-DEFAULT-HOSTNAME="learnai-app.scm.azurewebsites.net" X-Forwarded-Proto="https" X-AppService-Proto="https" X-Forwarded-TlsVersion="1.3" X-WAWS-Unencoded-URL="/api/publish?async=true&amp;deployer=GITHUB_ONE_DEPLOY&amp;type=zip&amp;message=%7B%22type%22%3A%22deployment%22%2C%22sha%22%3A%228563653c65340a3a7e280e43d871b0967c348cb9%22%2C%22repoName%22%3A%22Junior620%2FlearnAI%22%2C%22actor%22%3A%22Junior620%22%2C%22slotName%22%3A%22Production%22%2C%22commitMessage%22%3A%22Add%20app.py%20entry%20point%20for%20Azure%22%7D" X-Client-IP="172.212.165.74" X-Client-Port="48128" >
  <step title="OneDeploy" date="2025-11-25T08:24:46.776" >
    <step title="Starting PushDeployAsync" date="2025-11-25T08:24:46.811" /><!-- duration: 27ms -->
    <step title="Writing artifact to /tmp/zipdeploy/09d752e2-d30b-4e3f-a572-25f21a002d1f.zip" date="2025-11-25T08:24:46.888" >
      <step title="Writing multipart request body to /tmp/zipdeploy/09d752e2-d30b-4e3f-a572-25f21a002d1f.zip" date="2025-11-25T08:24:46.891" /><!-- duration: 26ms -->
    </step><!-- duration: 243ms -->
    <step title="Removing previous build artifact&apos;s manifest file" date="2025-11-25T08:24:47.142" >
      <step title="Start deployment in the background" date="2025-11-25T08:24:47.167" >
        <step title="Acquiring Deployment Lock" date="2025-11-25T08:24:47.520" /><!-- duration: 4ms -->
        <step title="Acquired Deployment Lock" date="2025-11-25T08:24:47.598" /><!-- duration: 4ms -->
      </step><!-- duration: 608ms -->
    </step><!-- duration: 651ms -->
    <step title="Outgoing response" date="2025-11-25T08:24:47.800" type="response" statusCode="202" statusText="Accepted" /><!-- duration: 5ms -->
  </step><!-- duration: 1032ms -->
