<step title="Incoming Request" date="2025-11-25T08:39:49.103" instance="d8ce03" url="/api/deployments/latest?deployer=OneDeploy&amp;time=2025-11-25_08-38-56Z" method="GET" type="request" pid="770,1,71" Host="learnai-app.scm.azurewebsites.net" User-Agent="GITHUBACTIONS_DeployWebAppToAzure_9767a614f689813e3677eebe167d25ccc800c22238519a94f255bdb6ea441a00" Authorization="Bea..." Content-Type="application/json; charset=utf-8" Cookie="ARRAffinity=d8ce030d10a8488f5af05adb44862a92568cc382a56095090ac9f1a788fb1dff;Path=/;HttpOnly;Secure;Domain=learnai-app.scm.azurewebsites.net; ARRAffinitySameSite=d8ce030d10a8488f5af05adb44862a92568cc382a56095090ac9f1a788fb1dff;Path=/;HttpOnly;SameSite=None;Secure;Domain=learnai-app.scm.azurewebsites.net" Content-Length="0" X-ARR-LOG-ID="2b3e93e1-4175-4cdd-b4dd-677d4a05b15e" CLIENT-IP="172.184.220.195:43032" X-SITE-DEPLOYMENT-ID="learnai-app" WAS-DEFAULT-HOSTNAME="learnai-app.scm.azurewebsites.net" X-Forwarded-Proto="https" X-AppService-Proto="https" X-Forwarded-TlsVersion="1.3" X-WAWS-Unencoded-URL="/api/deployments/latest?deployer=OneDeploy&amp;time=2025-11-25_08-38-56Z" X-Client-IP="172.184.220.195" X-Client-Port="43032" >
  <step title="Cleanup Xml Logs" date="2025-11-25T08:39:49.111" >
    <step title="Cleanup Infos" date="2025-11-25T08:39:49.142" totalFiles="460" totalCleanup="300" /><!-- duration: 9ms -->
  </step><!-- duration: 50ms -->
  <step title="DeploymentService.GetResult" date="2025-11-25T08:39:49.191" >
    <step title="DeploymentService.GetLatestDeployment" date="2025-11-25T08:39:49.199" >
      <step title="DeploymentManager.GetResults" date="2025-11-25T08:39:49.207" /><!-- duration: 611ms -->
    </step><!-- duration: 656ms -->
  </step><!-- duration: 672ms -->
  <step title="Outgoing response" date="2025-11-25T08:39:49.875" type="response" statusCode="202" statusText="Accepted" /><!-- duration: 18ms -->
</step><!-- duration: 826ms -->
