<step title="Incoming Request" date="2025-11-25T08:24:54.978" instance="d8ce03" url="/api/deployments/latest?deployer=OneDeploy&amp;time=2025-11-25_08-24-47Z" method="GET" type="request" pid="770,1,75" Host="learnai-app.scm.azurewebsites.net" User-Agent="GITHUBACTIONS_DeployWebAppToAzure_9767a614f689813e3677eebe167d25ccc800c22238519a94f255bdb6ea441a00" Authorization="Bea..." Content-Type="application/json; charset=utf-8" Cookie="ARRAffinity=d8ce030d10a8488f5af05adb44862a92568cc382a56095090ac9f1a788fb1dff;Path=/;HttpOnly;Secure;Domain=learnai-app.scm.azurewebsites.net; ARRAffinitySameSite=d8ce030d10a8488f5af05adb44862a92568cc382a56095090ac9f1a788fb1dff;Path=/;HttpOnly;SameSite=None;Secure;Domain=learnai-app.scm.azurewebsites.net" Content-Length="0" X-ARR-LOG-ID="d72c2568-de98-429f-a5aa-14c1045a9f21" CLIENT-IP="172.212.165.74:48129" X-SITE-DEPLOYMENT-ID="learnai-app" WAS-DEFAULT-HOSTNAME="learnai-app.scm.azurewebsites.net" X-Forwarded-Proto="https" X-AppService-Proto="https" X-Forwarded-TlsVersion="1.3" X-WAWS-Unencoded-URL="/api/deployments/latest?deployer=OneDeploy&amp;time=2025-11-25_08-24-47Z" X-Client-IP="172.212.165.74" X-Client-Port="48129" >
  <step title="Cleanup Xml Logs" date="2025-11-25T08:24:54.997" >
    <step title="Cleanup Infos" date="2025-11-25T08:24:55.109" totalFiles="396" totalCleanup="236" /><!-- duration: 12ms -->
  </step><!-- duration: 149ms -->
  <step title="DeploymentService.GetResult" date="2025-11-25T08:24:55.169" >
    <step title="DeploymentService.GetLatestDeployment" date="2025-11-25T08:24:55.177" >
      <step title="DeploymentManager.GetResults" date="2025-11-25T08:24:55.206" /><!-- duration: 2069ms -->
    </step><!-- duration: 2109ms -->
  </step><!-- duration: 2126ms -->
  <step title="Outgoing response" date="2025-11-25T08:24:57.315" type="response" statusCode="202" statusText="Accepted" /><!-- duration: 11ms -->
</step><!-- duration: 2363ms -->
