<step title="BackgroundTrace" date="2025-11-24T23:13:16.560" instance="d8ce03" url="/api/publish" method="POST" >
  <step title="Creating temporary deployment - FetchDeploymentManager" date="2025-11-24T23:13:16.693" /><!-- duration: 2ms -->
  <step title="Creating temporary deployment" date="2025-11-24T23:13:16.699" /><!-- duration: 93ms -->
  <step title="Performing fetch based deployment" date="2025-11-24T23:13:16.857" >
    <step title="Cleaning up temp folders from previous zip deployments and extracting pushed zip file /tmp/zipdeploy/8e520208-c474-49f1-b5f7-ac419cbdbdec.zip (0.10 MB) to /tmp/zipdeploy/extracted" date="2025-11-24T23:13:18.129" >
      <step title="ChmodRecursive Process exited with total time taken in ms: 92" date="2025-11-24T23:13:18.310" /><!-- duration: 16ms -->
    </step><!-- duration: 207ms -->
    <step title="Deployment timer started" date="2025-11-24T23:13:20.378" >
      <step title="DeploymentManager.Deploy(id:d0eca1b9-a171-42ee-b4ab-160fc6fd7f4c)" date="2025-11-24T23:13:20.387" >
        <step title="Collecting changeset information" date="2025-11-24T23:13:20.428" /><!-- duration: 100ms -->
        <step title="Updating submodules" date="2025-11-24T23:13:20.535" /><!-- duration: 1149ms -->
        <step title="Determining deployment builder" date="2025-11-24T23:13:21.986" >
          <step title="Builder is OryxBuilder" date="2025-11-24T23:13:22.008" /><!-- duration: 3ms -->
        </step><!-- duration: 29ms -->
        <step title="PreDeployment: context.CleanOutputPath False" date="2025-11-24T23:13:22.062" >
          <step title="PreDeployment: context.OutputPath /home/site/wwwroot" date="2025-11-24T23:13:22.208" >
            <step title="Building" date="2025-11-24T23:13:22.412" >
              <step title="Executing external process" date="2025-11-24T23:13:22.880" type="process" path="bash" arguments="-c &quot;oryx build /tmp/zipdeploy/extracted -o /home/site/wwwroot --platform python --platform-version 3.12 -p virtualenv_name=antenv --log-file /tmp/build-debug.log  -i /tmp/8de2baf0ff53ba9 --compress-destination-dir | tee /tmp/oryx-build.log ; exit $PIPESTATUS &quot;" >
                <step title="Cpu: python(937,31.360s)+ts(938,0.170s)+build.sh(936,0.000s)+build.sh(935,0.000s)+build.sh(835,0.080s)+oryx(815,5.160s)+tee(816,0.000s)+bash(814,0.000s)=total(36.760s)" date="2025-11-24T23:15:14.056" /><!-- duration: 15ms -->
                <step title="bash: no io activity for 61s, prev-cpu=-1.000s, current-cpu=36.760s" date="2025-11-24T23:15:14.185" /><!-- duration: 38ms -->
                <step title="Cpu: python(937,66.440s)+ts(938,0.190s)+build.sh(936,0.000s)+build.sh(935,0.000s)+build.sh(835,0.080s)+oryx(815,5.270s)+tee(816,0.000s)+bash(814,0.000s)=total(71.980s)" date="2025-11-24T23:16:14.622" /><!-- duration: 18ms -->
                <step title="bash: no io activity for 122s, prev-cpu=36.760s, current-cpu=71.980s" date="2025-11-24T23:16:14.661" /><!-- duration: 26ms -->
                <step title="Cpu: python(937,108.290s)+ts(938,0.190s)+build.sh(936,0.000s)+build.sh(935,0.000s)+build.sh(835,0.080s)+oryx(815,5.360s)+tee(816,0.000s)+bash(814,0.000s)=total(113.910s)" date="2025-11-24T23:17:14.912" /><!-- duration: 9ms -->
                <step title="bash: no io activity for 182s, prev-cpu=71.980s, current-cpu=113.910s" date="2025-11-24T23:17:15.303" /><!-- duration: 25ms -->
                <step title="Cpu: python(937,138.610s)+ts(938,0.190s)+build.sh(936,0.000s)+build.sh(935,0.000s)+build.sh(835,0.080s)+oryx(815,5.440s)+tee(816,0.000s)+bash(814,0.000s)=total(144.320s)" date="2025-11-24T23:18:15.944" /><!-- duration: 9ms -->
                <step title="bash: no io activity for 243s, prev-cpu=113.910s, current-cpu=144.320s" date="2025-11-24T23:18:15.956" /><!-- duration: 18ms -->
                <step title="Cpu: python(937,180.690s)+ts(938,0.190s)+build.sh(936,0.000s)+build.sh(935,0.000s)+build.sh(835,0.080s)+oryx(815,5.530s)+tee(816,0.000s)+bash(814,0.000s)=total(186.490s)" date="2025-11-24T23:19:16.357" /><!-- duration: 12ms -->
                <step title="bash: no io activity for 304s, prev-cpu=144.320s, current-cpu=186.490s" date="2025-11-24T23:19:16.396" /><!-- duration: 11ms -->
                <step title="Cpu: rsync(1105,12.810s)+rsync(1104,1.150s)+rsync(1103,11.780s)+build.sh(835,0.090s)+oryx(815,6.830s)+tee(816,0.000s)+bash(814,0.000s)=total(32.660s)" date="2025-11-24T23:21:18.141" /><!-- duration: 9ms -->
                <step title="bash: no io activity for 61s, prev-cpu=-1.000s, current-cpu=32.660s" date="2025-11-24T23:21:18.169" /><!-- duration: 19ms -->
                <step title="Cpu: rsync(1105,22.270s)+rsync(1104,2.180s)+rsync(1103,19.020s)+build.sh(835,0.090s)+oryx(815,6.950s)+tee(816,0.000s)+bash(814,0.000s)=total(50.510s)" date="2025-11-24T23:22:18.674" /><!-- duration: 19ms -->
                <step title="bash: no io activity for 121s, prev-cpu=32.660s, current-cpu=50.510s" date="2025-11-24T23:22:18.721" /><!-- duration: 34ms -->
                <step title="Cpu: gzip(1169,40.220s)+sh(1168,0.000s)+tar(1165,3.440s)+build.sh(835,0.100s)+oryx(815,7.050s)+tee(816,0.000s)+bash(814,0.000s)=total(50.790s)" date="2025-11-24T23:23:52.380" /><!-- duration: 26ms -->
                <step title="bash: no io activity for 61s, prev-cpu=-1.000s, current-cpu=50.790s" date="2025-11-24T23:23:52.424" /><!-- duration: 11ms -->
                <step title="Cpu: gzip(1169,82.000s)+sh(1168,0.000s)+tar(1165,6.690s)+build.sh(835,0.100s)+oryx(815,7.050s)+tee(816,0.000s)+bash(814,0.000s)=total(95.830s)" date="2025-11-24T23:24:52.799" /><!-- duration: 18ms -->
                <step title="bash: no io activity for 121s, prev-cpu=50.790s, current-cpu=95.830s" date="2025-11-24T23:24:52.820" /><!-- duration: 17ms -->
                <step title="Cpu: gzip(1169,123.960s)+sh(1168,0.000s)+tar(1165,8.850s)+build.sh(835,0.100s)+oryx(815,7.060s)+tee(816,0.000s)+bash(814,0.000s)=total(139.960s)" date="2025-11-24T23:25:53.341" /><!-- duration: 17ms -->
                <step title="bash: no io activity for 182s, prev-cpu=95.830s, current-cpu=139.960s" date="2025-11-24T23:25:53.367" /><!-- duration: 13ms -->
                <step title="Cpu: gzip(1169,164.720s)+sh(1168,0.000s)+tar(1165,10.020s)+build.sh(835,0.100s)+oryx(815,7.060s)+tee(816,0.000s)+bash(814,0.000s)=total(181.900s)" date="2025-11-24T23:26:53.739" /><!-- duration: 10ms -->
                <step title="bash: no io activity for 242s, prev-cpu=139.960s, current-cpu=181.900s" date="2025-11-24T23:26:53.780" /><!-- duration: 30ms -->
                <step title="Cpu: gzip(1169,196.140s)+sh(1168,0.000s)+tar(1165,11.310s)+build.sh(835,0.100s)+oryx(815,7.090s)+tee(816,0.000s)+bash(814,0.000s)=total(214.640s)" date="2025-11-24T23:27:54.196" /><!-- duration: 9ms -->
                <step title="bash: no io activity for 303s, prev-cpu=181.900s, current-cpu=214.640s" date="2025-11-24T23:27:54.216" /><!-- duration: 18ms -->
                <step title="Cpu: gzip(1169,238.710s)+sh(1168,0.000s)+tar(1165,13.270s)+build.sh(835,0.100s)+oryx(815,7.100s)+tee(816,0.000s)+bash(814,0.000s)=total(259.180s)" date="2025-11-24T23:28:54.528" /><!-- duration: 11ms -->
                <step title="bash: no io activity for 363s, prev-cpu=214.640s, current-cpu=259.180s" date="2025-11-24T23:28:54.548" /><!-- duration: 11ms -->
                <step title="Cpu: gzip(1169,283.640s)+sh(1168,0.000s)+tar(1165,14.490s)+build.sh(835,0.100s)+oryx(815,7.120s)+tee(816,0.000s)+bash(814,0.000s)=total(305.350s)" date="2025-11-24T23:29:54.785" /><!-- duration: 27ms -->
                <step title="bash: no io activity for 423s, prev-cpu=259.180s, current-cpu=305.350s" date="2025-11-24T23:29:54.814" /><!-- duration: 25ms -->
                <step title="Cpu: gzip(1169,319.030s)+sh(1168,0.000s)+tar(1165,18.980s)+build.sh(835,0.100s)+oryx(815,7.130s)+tee(816,0.000s)+bash(814,0.000s)=total(345.230s)" date="2025-11-24T23:30:55.163" /><!-- duration: 9ms -->
                <step title="bash: no io activity for 484s, prev-cpu=305.350s, current-cpu=345.230s" date="2025-11-24T23:30:55.180" /><!-- duration: 31ms -->
              </step><!-- duration: 1099539ms -->
              <step title="Using PythonDeploymentLogParser" date="2025-11-24T23:31:42.937" /><!-- duration: 3ms -->
              <step title="Modified file to trigger a restart of the app container." date="2025-11-24T23:31:44.238" /><!-- duration: 3ms -->
              <step title="Skip function trigger and logicapp sync because function is not enabled." date="2025-11-24T23:31:44.261" /><!-- duration: 13ms -->
              <step title="Purge deployment items" date="2025-11-24T23:31:44.968" >
                <step title="Remove 1497be4c-, Failed, received at 11/24/2025 22:50:39" date="2025-11-24T23:31:45.017" /><!-- duration: 3ms -->
              </step><!-- duration: 55ms -->
            </step><!-- duration: 1102681ms -->
          </step><!-- duration: 1102890ms -->
          <step title="Cleaning up temp files" date="2025-11-24T23:31:45.100" /><!-- duration: 10970ms -->
          <step title="Cleaning up temp files" date="2025-11-24T23:31:56.075" /><!-- duration: 514ms -->
          <step title="Reloading status file with latest updates" date="2025-11-24T23:31:56.619" >
            <step title="WebHooksManager.PublishEventAsync: PostDeployment" date="2025-11-24T23:31:56.624" /><!-- duration: 146ms -->
          </step><!-- duration: 154ms -->
          <step title="Cleaning up temporary deployment - fetch deployment was successful" date="2025-11-24T23:31:56.780" /><!-- duration: 2ms -->
        </step><!-- duration: 1114761ms -->
      </step><!-- duration: 1116450ms -->
