<step title="Incoming Request" date="2025-11-25T08:43:34.761" instance="d8ce03" url="/api/deployments/latest?deployer=OneDeploy&amp;time=2025-11-25_08-38-56Z" method="GET" type="request" pid="770,1,67" Host="learnai-app.scm.azurewebsites.net" User-Agent="GITHUBACTIONS_DeployWebAppToAzure_9767a614f689813e3677eebe167d25ccc800c22238519a94f255bdb6ea441a00" Authorization="Bea..." Content-Type="application/json; charset=utf-8" Cookie="ARRAffinity=d8ce030d10a8488f5af05adb44862a92568cc382a56095090ac9f1a788fb1dff;Path=/;HttpOnly;Secure;Domain=learnai-app.scm.azurewebsites.net; ARRAffinitySameSite=d8ce030d10a8488f5af05adb44862a92568cc382a56095090ac9f1a788fb1dff;Path=/;HttpOnly;SameSite=None;Secure;Domain=learnai-app.scm.azurewebsites.net" Content-Length="0" X-ARR-LOG-ID="eb9f6508-7d9b-41a6-93c3-e786f778ce72" CLIENT-IP="172.184.220.195:43034" X-SITE-DEPLOYMENT-ID="learnai-app" WAS-DEFAULT-HOSTNAME="learnai-app.scm.azurewebsites.net" X-Forwarded-Proto="https" X-AppService-Proto="https" X-Forwarded-TlsVersion="1.3" X-WAWS-Unencoded-URL="/api/deployments/latest?deployer=OneDeploy&amp;time=2025-11-25_08-38-56Z" X-Client-IP="172.184.220.195" X-Client-Port="43034" >
  <step title="Cleanup Xml Logs" date="2025-11-25T08:43:34.778" >
    <step title="Cleanup Infos" date="2025-11-25T08:43:34.872" totalFiles="493" totalCleanup="333" /><!-- duration: 12ms -->
  </step><!-- duration: 115ms -->
  <step title="DeploymentService.GetResult" date="2025-11-25T08:43:34.913" >
    <step title="DeploymentService.GetLatestDeployment" date="2025-11-25T08:43:34.920" >
      <step title="DeploymentManager.GetResults" date="2025-11-25T08:43:34.923" /><!-- duration: 646ms -->
    </step><!-- duration: 659ms -->
  </step><!-- duration: 676ms -->
  <step title="Outgoing response" date="2025-11-25T08:43:35.597" type="response" statusCode="202" statusText="Accepted" /><!-- duration: 26ms -->
</step><!-- duration: 865ms -->
