<step title="Incoming Request" date="2025-11-25T08:39:03.429" instance="d8ce03" url="/api/deployments/latest?deployer=OneDeploy&amp;time=2025-11-25_08-38-56Z" method="GET" type="request" pid="770,1,62" Host="learnai-app.scm.azurewebsites.net" User-Agent="GITHUBACTIONS_DeployWebAppToAzure_9767a614f689813e3677eebe167d25ccc800c22238519a94f255bdb6ea441a00" Authorization="Bea..." Content-Type="application/json; charset=utf-8" Cookie="ARRAffinity=d8ce030d10a8488f5af05adb44862a92568cc382a56095090ac9f1a788fb1dff;Path=/;HttpOnly;Secure;Domain=learnai-app.scm.azurewebsites.net; ARRAffinitySameSite=d8ce030d10a8488f5af05adb44862a92568cc382a56095090ac9f1a788fb1dff;Path=/;HttpOnly;SameSite=None;Secure;Domain=learnai-app.scm.azurewebsites.net" Content-Length="0" X-ARR-LOG-ID="81f270d5-f25f-4bdc-9e06-0396bb5f76e5" CLIENT-IP="172.184.220.195:43033" X-SITE-DEPLOYMENT-ID="learnai-app" WAS-DEFAULT-HOSTNAME="learnai-app.scm.azurewebsites.net" X-Forwarded-Proto="https" X-AppService-Proto="https" X-Forwarded-TlsVersion="1.3" X-WAWS-Unencoded-URL="/api/deployments/latest?deployer=OneDeploy&amp;time=2025-11-25_08-38-56Z" X-Client-IP="172.184.220.195" X-Client-Port="43033" >
  <step title="Cleanup Xml Logs" date="2025-11-25T08:39:03.437" >
    <step title="Cleanup Infos" date="2025-11-25T08:39:03.486" totalFiles="453" totalCleanup="293" /><!-- duration: 21ms -->
  </step><!-- duration: 86ms -->
  <step title="DeploymentService.GetResult" date="2025-11-25T08:39:03.544" >
    <step title="DeploymentService.GetLatestDeployment" date="2025-11-25T08:39:03.552" >
      <step title="DeploymentManager.GetResults" date="2025-11-25T08:39:03.556" /><!-- duration: 634ms -->
    </step><!-- duration: 647ms -->
  </step><!-- duration: 665ms -->
  <step title="Outgoing response" date="2025-11-25T08:39:04.218" type="response" statusCode="202" statusText="Accepted" /><!-- duration: 9ms -->
</step><!-- duration: 806ms -->
