<step title="Incoming Request" date="2025-11-24T23:59:57.339" instance="d8ce03" url="/api/deployments/latest?deployer=OneDeploy&amp;time=2025-11-24_23-55-05Z" method="GET" type="request" pid="770,1,34" Host="learnai-app.scm.azurewebsites.net" User-Agent="GITHUBACTIONS_DeployWebAppToAzure_9767a614f689813e3677eebe167d25ccc800c22238519a94f255bdb6ea441a00" Authorization="Bea..." Content-Type="application/json; charset=utf-8" Cookie="ARRAffinity=d8ce030d10a8488f5af05adb44862a92568cc382a56095090ac9f1a788fb1dff;Path=/;HttpOnly;Secure;Domain=learnai-app.scm.azurewebsites.net; ARRAffinitySameSite=d8ce030d10a8488f5af05adb44862a92568cc382a56095090ac9f1a788fb1dff;Path=/;HttpOnly;SameSite=None;Secure;Domain=learnai-app.scm.azurewebsites.net" Content-Length="0" X-ARR-LOG-ID="ebcda166-f1b8-48d9-ac16-39d811878fbf" CLIENT-IP="172.184.219.161:12290" X-SITE-DEPLOYMENT-ID="learnai-app" WAS-DEFAULT-HOSTNAME="learnai-app.scm.azurewebsites.net" X-Forwarded-Proto="https" X-AppService-Proto="https" X-Forwarded-TlsVersion="1.3" X-WAWS-Unencoded-URL="/api/deployments/latest?deployer=OneDeploy&amp;time=2025-11-24_23-55-05Z" X-Client-IP="172.184.219.161" X-Client-Port="12290" >
  <step title="Cleanup Xml Logs" date="2025-11-24T23:59:57.341" >
    <step title="Cleanup Infos" date="2025-11-24T23:59:57.387" totalFiles="308" totalCleanup="148" /><!-- duration: 21ms -->
  </step><!-- duration: 76ms -->
  <step title="DeploymentService.GetResult" date="2025-11-24T23:59:57.435" >
    <step title="DeploymentService.GetLatestDeployment" date="2025-11-24T23:59:57.437" >
      <step title="DeploymentManager.GetResults" date="2025-11-24T23:59:57.455" /><!-- duration: 347ms -->
    </step><!-- duration: 377ms -->
  </step><!-- duration: 388ms -->
  <step title="Outgoing response" date="2025-11-24T23:59:57.832" type="response" statusCode="202" statusText="Accepted" /><!-- duration: 9ms -->
</step><!-- duration: 512ms -->
