<step title="Incoming Request" date="2025-11-25T00:00:47.901" instance="d8ce03" url="/api/deployments/latest?deployer=OneDeploy&amp;time=2025-11-24_23-55-05Z" method="GET" type="request" pid="770,1,36" Host="learnai-app.scm.azurewebsites.net" User-Agent="GITHUBACTIONS_DeployWebAppToAzure_9767a614f689813e3677eebe167d25ccc800c22238519a94f255bdb6ea441a00" Authorization="Bea..." Content-Type="application/json; charset=utf-8" Cookie="ARRAffinity=d8ce030d10a8488f5af05adb44862a92568cc382a56095090ac9f1a788fb1dff;Path=/;HttpOnly;Secure;Domain=learnai-app.scm.azurewebsites.net; ARRAffinitySameSite=d8ce030d10a8488f5af05adb44862a92568cc382a56095090ac9f1a788fb1dff;Path=/;HttpOnly;SameSite=None;Secure;Domain=learnai-app.scm.azurewebsites.net" Content-Length="0" X-ARR-LOG-ID="b41f0345-e477-4976-804f-d5a4ce67e7cd" CLIENT-IP="172.184.219.161:12290" X-SITE-DEPLOYMENT-ID="learnai-app" WAS-DEFAULT-HOSTNAME="learnai-app.scm.azurewebsites.net" X-Forwarded-Proto="https" X-AppService-Proto="https" X-Forwarded-TlsVersion="1.3" X-WAWS-Unencoded-URL="/api/deployments/latest?deployer=OneDeploy&amp;time=2025-11-24_23-55-05Z" X-Client-IP="172.184.219.161" X-Client-Port="12290" >
  <step title="Cleanup Xml Logs" date="2025-11-25T00:00:47.903" >
    <step title="Cleanup Infos" date="2025-11-25T00:00:47.930" totalFiles="316" totalCleanup="156" /><!-- duration: 10ms -->
  </step><!-- duration: 45ms -->
  <step title="DeploymentService.GetResult" date="2025-11-25T00:00:47.961" >
    <step title="DeploymentService.GetLatestDeployment" date="2025-11-25T00:00:47.970" >
      <step title="DeploymentManager.GetResults" date="2025-11-25T00:00:47.978" /><!-- duration: 387ms -->
    </step><!-- duration: 412ms -->
  </step><!-- duration: 424ms -->
  <step title="Outgoing response" date="2025-11-25T00:00:48.395" type="response" statusCode="202" statusText="Accepted" /><!-- duration: 10ms -->
</step><!-- duration: 521ms -->
