<step title="Incoming Request" date="2025-11-25T08:40:28.566" instance="d8ce03" url="/api/deployments/latest?deployer=OneDeploy&amp;time=2025-11-25_08-38-56Z" method="GET" type="request" pid="770,1,62" Host="learnai-app.scm.azurewebsites.net" User-Agent="GITHUBACTIONS_DeployWebAppToAzure_9767a614f689813e3677eebe167d25ccc800c22238519a94f255bdb6ea441a00" Authorization="Bea..." Content-Type="application/json; charset=utf-8" Cookie="ARRAffinity=d8ce030d10a8488f5af05adb44862a92568cc382a56095090ac9f1a788fb1dff;Path=/;HttpOnly;Secure;Domain=learnai-app.scm.azurewebsites.net; ARRAffinitySameSite=d8ce030d10a8488f5af05adb44862a92568cc382a56095090ac9f1a788fb1dff;Path=/;HttpOnly;SameSite=None;Secure;Domain=learnai-app.scm.azurewebsites.net" Content-Length="0" X-ARR-LOG-ID="84ffcbfd-6f7d-494a-a794-27f6e7f41d14" CLIENT-IP="172.184.220.195:43032" X-SITE-DEPLOYMENT-ID="learnai-app" WAS-DEFAULT-HOSTNAME="learnai-app.scm.azurewebsites.net" X-Forwarded-Proto="https" X-AppService-Proto="https" X-Forwarded-TlsVersion="1.3" X-WAWS-Unencoded-URL="/api/deployments/latest?deployer=OneDeploy&amp;time=2025-11-25_08-38-56Z" X-Client-IP="172.184.220.195" X-Client-Port="43032" >
  <step title="Cleanup Xml Logs" date="2025-11-25T08:40:28.576" >
    <step title="Cleanup Infos" date="2025-11-25T08:40:28.642" totalFiles="466" totalCleanup="306" /><!-- duration: 28ms -->
  </step><!-- duration: 112ms -->
  <step title="DeploymentService.GetResult" date="2025-11-25T08:40:28.717" >
    <step title="DeploymentService.GetLatestDeployment" date="2025-11-25T08:40:28.743" >
      <step title="DeploymentManager.GetResults" date="2025-11-25T08:40:28.747" /><!-- duration: 525ms -->
    </step><!-- duration: 541ms -->
  </step><!-- duration: 576ms -->
  <step title="Outgoing response" date="2025-11-25T08:40:29.320" type="response" statusCode="202" statusText="Accepted" /><!-- duration: 8ms -->
</step><!-- duration: 771ms -->
