<step title="Incoming Request" date="2025-11-24T23:57:03.301" instance="d8ce03" url="/api/deployments/latest?deployer=OneDeploy&amp;time=2025-11-24_23-55-05Z" method="GET" type="request" pid="770,1,32" Host="learnai-app.scm.azurewebsites.net" User-Agent="GITHUBACTIONS_DeployWebAppToAzure_9767a614f689813e3677eebe167d25ccc800c22238519a94f255bdb6ea441a00" Authorization="Bea..." Content-Type="application/json; charset=utf-8" Cookie="ARRAffinity=d8ce030d10a8488f5af05adb44862a92568cc382a56095090ac9f1a788fb1dff;Path=/;HttpOnly;Secure;Domain=learnai-app.scm.azurewebsites.net; ARRAffinitySameSite=d8ce030d10a8488f5af05adb44862a92568cc382a56095090ac9f1a788fb1dff;Path=/;HttpOnly;SameSite=None;Secure;Domain=learnai-app.scm.azurewebsites.net" Content-Length="0" X-ARR-LOG-ID="085785c1-6913-4c53-8fc5-c6dbefcc1518" CLIENT-IP="172.184.219.161:12288" X-SITE-DEPLOYMENT-ID="learnai-app" WAS-DEFAULT-HOSTNAME="learnai-app.scm.azurewebsites.net" X-Forwarded-Proto="https" X-AppService-Proto="https" X-Forwarded-TlsVersion="1.3" X-WAWS-Unencoded-URL="/api/deployments/latest?deployer=OneDeploy&amp;time=2025-11-24_23-55-05Z" X-Client-IP="172.184.219.161" X-Client-Port="12288" >
  <step title="Cleanup Xml Logs" date="2025-11-24T23:57:03.304" >
    <step title="Cleanup Infos" date="2025-11-24T23:57:03.417" totalFiles="281" totalCleanup="121" /><!-- duration: 101ms -->
  </step><!-- duration: 226ms -->
  <step title="DeploymentService.GetResult" date="2025-11-24T23:57:03.559" >
    <step title="DeploymentService.GetLatestDeployment" date="2025-11-24T23:57:03.568" >
      <step title="DeploymentManager.GetResults" date="2025-11-24T23:57:03.577" /><!-- duration: 375ms -->
    </step><!-- duration: 401ms -->
  </step><!-- duration: 421ms -->
  <step title="Outgoing response" date="2025-11-24T23:57:04.027" type="response" statusCode="202" statusText="Accepted" /><!-- duration: 9ms -->
</step><!-- duration: 737ms -->
