<step title="Incoming Request" date="2025-11-25T08:27:27.447" instance="d8ce03" url="/api/deployments/latest?deployer=OneDeploy&amp;time=2025-11-25_08-24-47Z" method="GET" type="request" pid="770,1,76" Host="learnai-app.scm.azurewebsites.net" User-Agent="GITHUBACTIONS_DeployWebAppToAzure_9767a614f689813e3677eebe167d25ccc800c22238519a94f255bdb6ea441a00" Authorization="Bea..." Content-Type="application/json; charset=utf-8" Cookie="ARRAffinity=d8ce030d10a8488f5af05adb44862a92568cc382a56095090ac9f1a788fb1dff;Path=/;HttpOnly;Secure;Domain=learnai-app.scm.azurewebsites.net; ARRAffinitySameSite=d8ce030d10a8488f5af05adb44862a92568cc382a56095090ac9f1a788fb1dff;Path=/;HttpOnly;SameSite=None;Secure;Domain=learnai-app.scm.azurewebsites.net" Content-Length="0" X-ARR-LOG-ID="991c6abe-0c2a-4a0a-89bf-9d811777a1c2" CLIENT-IP="172.212.165.74:48128" X-SITE-DEPLOYMENT-ID="learnai-app" WAS-DEFAULT-HOSTNAME="learnai-app.scm.azurewebsites.net" X-Forwarded-Proto="https" X-AppService-Proto="https" X-Forwarded-TlsVersion="1.3" X-WAWS-Unencoded-URL="/api/deployments/latest?deployer=OneDeploy&amp;time=2025-11-25_08-24-47Z" X-Client-IP="172.212.165.74" X-Client-Port="48128" >
  <step title="Cleanup Xml Logs" date="2025-11-25T08:27:27.496" >
    <step title="Cleanup Infos" date="2025-11-25T08:27:27.676" totalFiles="419" totalCleanup="259" /><!-- duration: 86ms -->
  </step><!-- duration: 286ms -->
  <step title="DeploymentService.GetResult" date="2025-11-25T08:27:27.842" >
    <step title="DeploymentService.GetLatestDeployment" date="2025-11-25T08:27:27.887" >
      <step title="DeploymentManager.GetResults" date="2025-11-25T08:27:27.890" /><!-- duration: 931ms -->
    </step><!-- duration: 953ms -->
  </step><!-- duration: 1008ms -->
  <step title="Outgoing response" date="2025-11-25T08:27:28.896" type="response" statusCode="202" statusText="Accepted" /><!-- duration: 3ms -->
</step><!-- duration: 1481ms -->
