<step title="Incoming Request" date="2025-11-24T22:43:04.591" instance="d8ce03" url="/api/zipdeploy?isAsync=true" method="POST" type="request" pid="776,1,7" Accept="*/*" Host="learnai-app.scm.azurewebsites.net" User-Agent="AZURECLI/2.80.0 (MSI)" Accept-Encoding="gzip, deflate" Authorization="Bea..." Cache-Control="no-cache" Content-Type="application/octet-stream" Content-Length="371563" x-ms-client-request-id="deef24fb-c986-11f0-808c-70cf494b569e" x-ms-artifact-checksum="275351b1cd87991191945e570e461ebf5c8389123cc74ac25675633a3941e904" X-ARR-LOG-ID="deef24fb-c986-11f0-808c-70cf494b569e" CLIENT-IP="41.202.207.172:36661" X-SITE-DEPLOYMENT-ID="learnai-app" WAS-DEFAULT-HOSTNAME="learnai-app.scm.azurewebsites.net" X-Forwarded-Proto="https" X-AppService-Proto="https" X-Forwarded-TlsVersion="1.3" X-WAWS-Unencoded-URL="/api/zipdeploy?isAsync=true" X-Client-IP="41.202.207.172" X-Client-Port="36661" >
  <step title="Cleanup Xml Logs" date="2025-11-24T22:43:04.600" /><!-- duration: 7ms -->
  <step title="ZipPushDeploy" date="2025-11-24T22:43:04.766" >
    <step title="ZipDeploy. Extract zip. Remote build." date="2025-11-24T22:43:04.814" /><!-- duration: 3ms -->
    <step title="Starting PushDeployAsync" date="2025-11-24T22:43:04.823" /><!-- duration: 2ms -->
    <step title="Writing artifact to /tmp/zipdeploy/af43aed1-99e4-411e-95f1-10c2bc7e96b8.zip" date="2025-11-24T22:43:04.841" >
      <step title="Writing multipart request body to /tmp/zipdeploy/af43aed1-99e4-411e-95f1-10c2bc7e96b8.zip" date="2025-11-24T22:43:04.845" /><!-- duration: 5ms -->
    </step><!-- duration: 1956ms -->
    <step title="Start deployment in the background" date="2025-11-24T22:43:06.820" >
      <step title="Acquiring Deployment Lock" date="2025-11-24T22:43:06.852" /><!-- duration: 7ms -->
      <step title="Acquired Deployment Lock" date="2025-11-24T22:43:06.894" /><!-- duration: 3ms -->
    </step><!-- duration: 182ms -->
  </step><!-- duration: 2243ms -->
  <step title="Outgoing response" date="2025-11-24T22:43:07.022" type="response" statusCode="202" statusText="Accepted" /><!-- duration: 17ms -->
</step><!-- duration: 2451ms -->
