<step title="Incoming Request" date="2025-11-25T08:25:22.029" instance="d8ce03" url="/api/deployments/latest?deployer=OneDeploy&amp;time=2025-11-25_08-24-47Z" method="GET" type="request" pid="770,1,75" Host="learnai-app.scm.azurewebsites.net" User-Agent="GITHUBACTIONS_DeployWebAppToAzure_9767a614f689813e3677eebe167d25ccc800c22238519a94f255bdb6ea441a00" Authorization="Bea..." Content-Type="application/json; charset=utf-8" Cookie="ARRAffinity=d8ce030d10a8488f5af05adb44862a92568cc382a56095090ac9f1a788fb1dff;Path=/;HttpOnly;Secure;Domain=learnai-app.scm.azurewebsites.net; ARRAffinitySameSite=d8ce030d10a8488f5af05adb44862a92568cc382a56095090ac9f1a788fb1dff;Path=/;HttpOnly;SameSite=None;Secure;Domain=learnai-app.scm.azurewebsites.net" Content-Length="0" X-ARR-LOG-ID="d9a3b0b5-cd86-4a6e-a4ef-062ab52b7e7e" CLIENT-IP="172.212.165.74:48129" X-SITE-DEPLOYMENT-ID="learnai-app" WAS-DEFAULT-HOSTNAME="learnai-app.scm.azurewebsites.net" X-Forwarded-Proto="https" X-AppService-Proto="https" X-Forwarded-TlsVersion="1.3" X-WAWS-Unencoded-URL="/api/deployments/latest?deployer=OneDeploy&amp;time=2025-11-25_08-24-47Z" X-Client-IP="172.212.165.74" X-Client-Port="48129" >
  <step title="Cleanup Xml Logs" date="2025-11-25T08:25:22.037" >
    <step title="Cleanup Infos" date="2025-11-25T08:25:22.077" totalFiles="400" totalCleanup="240" /><!-- duration: 31ms -->
  </step><!-- duration: 75ms -->
  <step title="DeploymentService.GetResult" date="2025-11-25T08:25:22.127" >
    <step title="DeploymentService.GetLatestDeployment" date="2025-11-25T08:25:22.135" >
      <step title="DeploymentManager.GetResults" date="2025-11-25T08:25:22.137" /><!-- duration: 472ms -->
    </step><!-- duration: 492ms -->
  </step><!-- duration: 508ms -->
  <step title="Outgoing response" date="2025-11-25T08:25:22.646" type="response" statusCode="202" statusText="Accepted" /><!-- duration: 8ms -->
</step><!-- duration: 627ms -->
