<step title="Incoming Request" date="2025-11-25T08:27:01.028" instance="d8ce03" url="/api/deployments/latest?deployer=OneDeploy&amp;time=2025-11-25_08-24-47Z" method="GET" type="request" pid="770,1,69" Host="learnai-app.scm.azurewebsites.net" User-Agent="GITHUBACTIONS_DeployWebAppToAzure_9767a614f689813e3677eebe167d25ccc800c22238519a94f255bdb6ea441a00" Authorization="Bea..." Content-Type="application/json; charset=utf-8" Cookie="ARRAffinity=d8ce030d10a8488f5af05adb44862a92568cc382a56095090ac9f1a788fb1dff;Path=/;HttpOnly;Secure;Domain=learnai-app.scm.azurewebsites.net; ARRAffinitySameSite=d8ce030d10a8488f5af05adb44862a92568cc382a56095090ac9f1a788fb1dff;Path=/;HttpOnly;SameSite=None;Secure;Domain=learnai-app.scm.azurewebsites.net" Content-Length="0" X-ARR-LOG-ID="48c192ad-6685-4a2c-9a56-3cadcc775c6a" CLIENT-IP="172.212.165.74:48128" X-SITE-DEPLOYMENT-ID="learnai-app" WAS-DEFAULT-HOSTNAME="learnai-app.scm.azurewebsites.net" X-Forwarded-Proto="https" X-AppService-Proto="https" X-Forwarded-TlsVersion="1.3" X-WAWS-Unencoded-URL="/api/deployments/latest?deployer=OneDeploy&amp;time=2025-11-25_08-24-47Z" X-Client-IP="172.212.165.74" X-Client-Port="48128" >
  <step title="Cleanup Xml Logs" date="2025-11-25T08:27:01.031" >
    <step title="Cleanup Infos" date="2025-11-25T08:27:01.173" totalFiles="415" totalCleanup="255" /><!-- duration: 21ms -->
  </step><!-- duration: 172ms -->
  <step title="DeploymentService.GetResult" date="2025-11-25T08:27:01.221" >
    <step title="DeploymentService.GetLatestDeployment" date="2025-11-25T08:27:01.231" >
      <step title="DeploymentManager.GetResults" date="2025-11-25T08:27:01.241" /><!-- duration: 599ms -->
    </step><!-- duration: 628ms -->
  </step><!-- duration: 650ms -->
  <step title="Outgoing response" date="2025-11-25T08:27:01.995" type="response" statusCode="202" statusText="Accepted" /><!-- duration: 62ms -->
</step><!-- duration: 1089ms -->
