<step title="Incoming Request" date="2025-11-24T22:50:34.049" instance="d8ce03" url="/api/zipdeploy?isAsync=true" method="POST" type="request" pid="776,1,5" Accept="*/*" Host="learnai-app.scm.azurewebsites.net" User-Agent="AZURECLI/2.80.0 (MSI)" Accept-Encoding="gzip, deflate" Authorization="Bea..." Cache-Control="no-cache" Content-Type="application/octet-stream" Content-Length="442009" x-ms-client-request-id="ef34d085-c987-11f0-8bc8-70cf494b569e" x-ms-artifact-checksum="6a6325bfd4a3c0346aea604ca55ba9322b10dc8b29fb4fe4fec6e32bd537398a" X-ARR-LOG-ID="ef34d085-c987-11f0-8bc8-70cf494b569e" CLIENT-IP="41.202.207.172:30649" X-SITE-DEPLOYMENT-ID="learnai-app" WAS-DEFAULT-HOSTNAME="learnai-app.scm.azurewebsites.net" X-Forwarded-Proto="https" X-AppService-Proto="https" X-Forwarded-TlsVersion="1.3" X-WAWS-Unencoded-URL="/api/zipdeploy?isAsync=true" X-Client-IP="41.202.207.172" X-Client-Port="30649" >
  <step title="Cleanup Xml Logs" date="2025-11-24T22:50:34.052" /><!-- duration: 28ms -->
  <step title="ZipPushDeploy" date="2025-11-24T22:50:34.093" >
    <step title="ZipDeploy. Extract zip. Remote build." date="2025-11-24T22:50:34.106" /><!-- duration: 3ms -->
    <step title="Starting PushDeployAsync" date="2025-11-24T22:50:34.113" /><!-- duration: 4ms -->
    <step title="Writing artifact to /tmp/zipdeploy/a8da5b2d-a594-40af-be03-93c7f274e412.zip" date="2025-11-24T22:50:34.129" >
      <step title="Writing multipart request body to /tmp/zipdeploy/a8da5b2d-a594-40af-be03-93c7f274e412.zip" date="2025-11-24T22:50:34.131" /><!-- duration: 6ms -->
    </step><!-- duration: 1138ms -->
    <step title="Start deployment in the background" date="2025-11-24T22:50:35.288" >
      <step title="Acquiring Deployment Lock" date="2025-11-24T22:50:35.329" /><!-- duration: 2ms -->
      <step title="Acquired Deployment Lock" date="2025-11-24T22:50:35.359" /><!-- duration: 2ms -->
    </step><!-- duration: 148ms -->
  </step><!-- duration: 1347ms -->
  <step title="Outgoing response" date="2025-11-24T22:50:35.445" type="response" statusCode="202" statusText="Accepted" /><!-- duration: 17ms -->
</step><!-- duration: 1423ms -->
