<step title="Incoming Request" date="2025-11-25T08:39:29.949" instance="d8ce03" url="/api/deployments/latest?deployer=OneDeploy&amp;time=2025-11-25_08-38-56Z" method="GET" type="request" pid="770,1,71" Host="learnai-app.scm.azurewebsites.net" User-Agent="GITHUBACTIONS_DeployWebAppToAzure_9767a614f689813e3677eebe167d25ccc800c22238519a94f255bdb6ea441a00" Authorization="Bea..." Content-Type="application/json; charset=utf-8" Cookie="ARRAffinity=d8ce030d10a8488f5af05adb44862a92568cc382a56095090ac9f1a788fb1dff;Path=/;HttpOnly;Secure;Domain=learnai-app.scm.azurewebsites.net; ARRAffinitySameSite=d8ce030d10a8488f5af05adb44862a92568cc382a56095090ac9f1a788fb1dff;Path=/;HttpOnly;SameSite=None;Secure;Domain=learnai-app.scm.azurewebsites.net" Content-Length="0" X-ARR-LOG-ID="dc8f509b-0dae-48cd-a339-5762e2753ff4" CLIENT-IP="172.184.220.195:43033" X-SITE-DEPLOYMENT-ID="learnai-app" WAS-DEFAULT-HOSTNAME="learnai-app.scm.azurewebsites.net" X-Forwarded-Proto="https" X-AppService-Proto="https" X-Forwarded-TlsVersion="1.3" X-WAWS-Unencoded-URL="/api/deployments/latest?deployer=OneDeploy&amp;time=2025-11-25_08-38-56Z" X-Client-IP="172.184.220.195" X-Client-Port="43033" >
  <step title="Cleanup Xml Logs" date="2025-11-25T08:39:29.985" >
    <step title="Cleanup Infos" date="2025-11-25T08:39:30.036" totalFiles="457" totalCleanup="297" /><!-- duration: 17ms -->
  </step><!-- duration: 125ms -->
  <step title="DeploymentService.GetResult" date="2025-11-25T08:39:30.157" >
    <step title="DeploymentService.GetLatestDeployment" date="2025-11-25T08:39:30.159" >
      <step title="DeploymentManager.GetResults" date="2025-11-25T08:39:30.174" /><!-- duration: 558ms -->
    </step><!-- duration: 591ms -->
  </step><!-- duration: 603ms -->
  <step title="Outgoing response" date="2025-11-25T08:39:30.789" type="response" statusCode="202" statusText="Accepted" /><!-- duration: 17ms -->
</step><!-- duration: 868ms -->
