<step title="Incoming Request" date="2025-11-24T22:34:18.884" instance="d8ce03" url="/api/zipdeploy?isAsync=true" method="POST" type="request" pid="776,1,3" Accept="*/*" Host="learnai-app.scm.azurewebsites.net" User-Agent="AZURECLI/2.80.0 (MSI)" Accept-Encoding="gzip, deflate" Authorization="Bea..." Cache-Control="no-cache" Content-Type="application/octet-stream" Content-Length="371066" x-ms-client-request-id="a7d9eaf1-c985-11f0-ac3d-70cf494b569e" x-ms-artifact-checksum="f1eeb560780adf6d631bfe0924b10a3be1ae774e64ee7c38e182d73ff2bb5650" X-ARR-LOG-ID="a7d9eaf1-c985-11f0-ac3d-70cf494b569e" CLIENT-IP="41.202.207.172:44884" X-SITE-DEPLOYMENT-ID="learnai-app" WAS-DEFAULT-HOSTNAME="learnai-app.scm.azurewebsites.net" X-Forwarded-Proto="https" X-AppService-Proto="https" X-Forwarded-TlsVersion="1.3" X-WAWS-Unencoded-URL="/api/zipdeploy?isAsync=true" X-Client-IP="41.202.207.172" X-Client-Port="44884" >
  <step title="Cleanup Xml Logs" date="2025-11-24T22:34:18.900" /><!-- duration: 22ms -->
  <step title="ZipPushDeploy" date="2025-11-24T22:34:18.986" >
    <step title="ZipDeploy. Extract zip. Remote build." date="2025-11-24T22:34:19.013" /><!-- duration: 9ms -->
    <step title="Starting PushDeployAsync" date="2025-11-24T22:34:19.031" /><!-- duration: 3ms -->
    <step title="Writing artifact to /tmp/zipdeploy/f427c7c2-a7e2-4fc3-86ed-43f1869aa2ce.zip" date="2025-11-24T22:34:19.061" >
      <step title="Writing multipart request body to /tmp/zipdeploy/f427c7c2-a7e2-4fc3-86ed-43f1869aa2ce.zip" date="2025-11-24T22:34:19.069" /><!-- duration: 10ms -->
    </step><!-- duration: 804ms -->
    <step title="Start deployment in the background" date="2025-11-24T22:34:19.883" >
      <step title="Acquiring Deployment Lock" date="2025-11-24T22:34:19.951" /><!-- duration: 8ms -->
      <step title="Acquired Deployment Lock" date="2025-11-24T22:34:20.015" /><!-- duration: 2ms -->
    </step><!-- duration: 220ms -->
  </step><!-- duration: 1154ms -->
  <step title="Outgoing response" date="2025-11-24T22:34:20.157" type="response" statusCode="202" statusText="Accepted" /><!-- duration: 3ms -->
</step><!-- duration: 1279ms -->
