<step title="Incoming Request" date="2025-11-25T08:42:02.360" instance="d8ce03" url="/api/deployments/latest?deployer=OneDeploy&amp;time=2025-11-25_08-38-56Z" method="GET" type="request" pid="770,1,67" Host="learnai-app.scm.azurewebsites.net" User-Agent="GITHUBACTIONS_DeployWebAppToAzure_9767a614f689813e3677eebe167d25ccc800c22238519a94f255bdb6ea441a00" Authorization="Bea..." Content-Type="application/json; charset=utf-8" Cookie="ARRAffinity=d8ce030d10a8488f5af05adb44862a92568cc382a56095090ac9f1a788fb1dff;Path=/;HttpOnly;Secure;Domain=learnai-app.scm.azurewebsites.net; ARRAffinitySameSite=d8ce030d10a8488f5af05adb44862a92568cc382a56095090ac9f1a788fb1dff;Path=/;HttpOnly;SameSite=None;Secure;Domain=learnai-app.scm.azurewebsites.net" Content-Length="0" X-ARR-LOG-ID="6c0b952d-4aed-4203-8d45-2b4e7050faec" CLIENT-IP="172.184.220.195:43032" X-SITE-DEPLOYMENT-ID="learnai-app" WAS-DEFAULT-HOSTNAME="learnai-app.scm.azurewebsites.net" X-Forwarded-Proto="https" X-AppService-Proto="https" X-Forwarded-TlsVersion="1.3" X-WAWS-Unencoded-URL="/api/deployments/latest?deployer=OneDeploy&amp;time=2025-11-25_08-38-56Z" X-Client-IP="172.184.220.195" X-Client-Port="43032" >
  <step title="Cleanup Xml Logs" date="2025-11-25T08:42:02.401" >
    <step title="Cleanup Infos" date="2025-11-25T08:42:02.750" totalFiles="480" totalCleanup="320" /><!-- duration: 45ms -->
  </step><!-- duration: 471ms -->
  <step title="DeploymentService.GetResult" date="2025-11-25T08:42:02.918" >
    <step title="DeploymentService.GetLatestDeployment" date="2025-11-25T08:42:02.936" >
      <step title="DeploymentManager.GetResults" date="2025-11-25T08:42:02.948" /><!-- duration: 1811ms -->
    </step><!-- duration: 1927ms -->
  </step><!-- duration: 1984ms -->
  <step title="Outgoing response" date="2025-11-25T08:42:04.948" type="response" statusCode="202" statusText="Accepted" /><!-- duration: 11ms -->
</step><!-- duration: 2675ms -->
