<step title="BackgroundTrace" date="2025-11-25T08:38:56.224" instance="d8ce03" url="/api/publish" method="POST" >
  <step title="Creating temporary deployment - FetchDeploymentManager" date="2025-11-25T08:38:56.334" /><!-- duration: 4ms -->
  <step title="Creating temporary deployment" date="2025-11-25T08:38:56.343" /><!-- duration: 55ms -->
  <step title="Performing fetch based deployment" date="2025-11-25T08:38:56.423" >
    <step title="Cleaning up temp folders from previous zip deployments and extracting pushed zip file /tmp/zipdeploy/3fb19aa2-8e62-4bc5-b316-a36e01fe1d7d.zip (0.10 MB) to /tmp/zipdeploy/extracted" date="2025-11-25T08:38:57.580" >
      <step title="ChmodRecursive Process exited with total time taken in ms: 128" date="2025-11-25T08:38:57.802" /><!-- duration: 2ms -->
    </step><!-- duration: 227ms -->
    <step title="Deployment timer started" date="2025-11-25T08:38:59.827" >
      <step title="DeploymentManager.Deploy(id:cbf1e0a2-32d1-434d-b066-06e76f2c0ea1)" date="2025-11-25T08:38:59.833" >
        <step title="Collecting changeset information" date="2025-11-25T08:38:59.863" /><!-- duration: 72ms -->
        <step title="Updating submodules" date="2025-11-25T08:38:59.939" /><!-- duration: 1186ms -->
        <step title="Determining deployment builder" date="2025-11-25T08:39:01.356" >
          <step title="Builder is OryxBuilder" date="2025-11-25T08:39:01.375" /><!-- duration: 3ms -->
        </step><!-- duration: 25ms -->
        <step title="PreDeployment: context.CleanOutputPath False" date="2025-11-25T08:39:01.446" >
          <step title="PreDeployment: context.OutputPath /home/site/wwwroot" date="2025-11-25T08:39:01.585" >
            <step title="Building" date="2025-11-25T08:39:01.756" >
              <step title="Executing external process" date="2025-11-25T08:39:02.406" type="process" path="bash" arguments="-c &quot;oryx build /tmp/zipdeploy/extracted -o /home/site/wwwroot --platform python --platform-version 3.12 -p virtualenv_name=antenv --log-file /tmp/build-debug.log  -i /tmp/8de2bfe15677e2b --compress-destination-dir | tee /tmp/oryx-build.log ; exit $PIPESTATUS &quot;" >
                <step title="Cpu: python(8612,41.480s)+ts(8613,0.150s)+build.sh(8611,0.000s)+build.sh(8610,0.000s)+build.sh(8527,0.060s)+oryx(8508,3.330s)+tee(8509,0.000s)+bash(8507,0.000s)=total(45.010s)" date="2025-11-25T08:40:26.837" /><!-- duration: 38ms -->
                <step title="bash: no io activity for 60s, prev-cpu=-1.000s, current-cpu=45.010s" date="2025-11-25T08:40:26.906" /><!-- duration: 29ms -->
                <step title="Cpu: python(8612,84.730s)+ts(8613,0.150s)+build.sh(8611,0.000s)+build.sh(8610,0.000s)+build.sh(8527,0.060s)+oryx(8508,3.510s)+tee(8509,0.000s)+bash(8507,0.000s)=total(88.440s)" date="2025-11-25T08:41:27.337" /><!-- duration: 38ms -->
                <step title="bash: no io activity for 121s, prev-cpu=45.010s, current-cpu=88.440s" date="2025-11-25T08:41:27.429" /><!-- duration: 64ms -->
                <step title="Cpu: rsync(8677,6.480s)+rsync(8676,0.770s)+rsync(8675,5.160s)+build.sh(8527,0.060s)+oryx(8508,4.060s)+tee(8509,0.000s)+bash(8507,0.000s)=total(16.520s)" date="2025-11-25T08:43:12.719" /><!-- duration: 17ms -->
                <step title="bash: no io activity for 60s, prev-cpu=-1.000s, current-cpu=16.520s" date="2025-11-25T08:43:12.753" /><!-- duration: 9ms -->
                <step title="Cpu: gzip(8702,41.110s)+sh(8701,0.000s)+tar(8700,2.930s)+build.sh(8527,0.070s)+oryx(8508,4.180s)+tee(8509,0.000s)+bash(8507,0.000s)=total(48.290s)" date="2025-11-25T08:44:20.181" /><!-- duration: 30ms -->
                <step title="bash: no io activity for 60s, prev-cpu=-1.000s, current-cpu=48.290s" date="2025-11-25T08:44:20.296" /><!-- duration: 22ms -->
              </step><!-- duration: 359795ms -->
              <step title="Using PythonDeploymentLogParser" date="2025-11-25T08:45:02.921" /><!-- duration: 35ms -->
              <step title="Modified file to trigger a restart of the app container." date="2025-11-25T08:45:04.363" /><!-- duration: 4ms -->
              <step title="Skip function trigger and logicapp sync because function is not enabled." date="2025-11-25T08:45:04.371" /><!-- duration: 9ms -->
            </step><!-- duration: 363524ms -->
          </step><!-- duration: 363700ms -->
          <step title="Cleaning up temp files" date="2025-11-25T08:45:05.286" /><!-- duration: 4342ms -->
          <step title="Cleaning up temp files" date="2025-11-25T08:45:09.634" /><!-- duration: 507ms -->
          <step title="Reloading status file with latest updates" date="2025-11-25T08:45:10.180" >
            <step title="WebHooksManager.PublishEventAsync: PostDeployment" date="2025-11-25T08:45:10.183" /><!-- duration: 44ms -->
          </step><!-- duration: 50ms -->
          <step title="Cleaning up temporary deployment - fetch deployment was successful" date="2025-11-25T08:45:10.240" /><!-- duration: 4ms -->
        </step><!-- duration: 368848ms -->
      </step><!-- duration: 370482ms -->
