<step title="Incoming Request" date="2025-11-24T23:31:34.820" instance="d8ce03" url="/api/deployments/latest?deployer=OneDeploy&amp;time=2025-11-24_23-13-16Z" method="GET" type="request" pid="770,1,28" Host="learnai-app.scm.azurewebsites.net" User-Agent="GITHUBACTIONS_DeployWebAppToAzure_9767a614f689813e3677eebe167d25ccc800c22238519a94f255bdb6ea441a00" Authorization="Bea..." Content-Type="application/json; charset=utf-8" Cookie="ARRAffinity=d8ce030d10a8488f5af05adb44862a92568cc382a56095090ac9f1a788fb1dff;Path=/;HttpOnly;Secure;Domain=learnai-app.scm.azurewebsites.net; ARRAffinitySameSite=d8ce030d10a8488f5af05adb44862a92568cc382a56095090ac9f1a788fb1dff;Path=/;HttpOnly;SameSite=None;Secure;Domain=learnai-app.scm.azurewebsites.net" Content-Length="0" X-ARR-LOG-ID="6af596a8-f737-411c-9bbe-9170ad62e418" CLIENT-IP="52.190.183.80:60418" X-SITE-DEPLOYMENT-ID="learnai-app" WAS-DEFAULT-HOSTNAME="learnai-app.scm.azurewebsites.net" X-Forwarded-Proto="https" X-AppService-Proto="https" X-Forwarded-TlsVersion="1.3" X-WAWS-Unencoded-URL="/api/deployments/latest?deployer=OneDeploy&amp;time=2025-11-24_23-13-16Z" X-Client-IP="52.190.183.80" X-Client-Port="60418" >
  <step title="Cleanup Xml Logs" date="2025-11-24T23:31:34.829" >
    <step title="Cleanup Infos" date="2025-11-24T23:31:34.857" totalFiles="256" totalCleanup="96" /><!-- duration: 18ms -->
  </step><!-- duration: 65ms -->
  <step title="DeploymentService.GetResult" date="2025-11-24T23:31:34.934" >
    <step title="DeploymentService.GetLatestDeployment" date="2025-11-24T23:31:34.952" >
      <step title="DeploymentManager.GetResults" date="2025-11-24T23:31:34.979" /><!-- duration: 610ms -->
    </step><!-- duration: 674ms -->
  </step><!-- duration: 701ms -->
  <step title="Outgoing response" date="2025-11-24T23:31:35.681" type="response" statusCode="202" statusText="Accepted" /><!-- duration: 12ms -->
</step><!-- duration: 921ms -->
