<step title="Incoming Request" date="2025-11-24T23:55:39.482" instance="d8ce03" url="/api/deployments/latest?deployer=OneDeploy&amp;time=2025-11-24_23-55-05Z" method="GET" type="request" pid="770,1,32" Host="learnai-app.scm.azurewebsites.net" User-Agent="GITHUBACTIONS_DeployWebAppToAzure_9767a614f689813e3677eebe167d25ccc800c22238519a94f255bdb6ea441a00" Authorization="Bea..." Content-Type="application/json; charset=utf-8" Cookie="ARRAffinity=d8ce030d10a8488f5af05adb44862a92568cc382a56095090ac9f1a788fb1dff;Path=/;HttpOnly;Secure;Domain=learnai-app.scm.azurewebsites.net; ARRAffinitySameSite=d8ce030d10a8488f5af05adb44862a92568cc382a56095090ac9f1a788fb1dff;Path=/;HttpOnly;SameSite=None;Secure;Domain=learnai-app.scm.azurewebsites.net" Content-Length="0" X-ARR-LOG-ID="35283340-3e81-4c94-907e-f4bdd3cdf5a3" CLIENT-IP="172.184.219.161:12289" X-SITE-DEPLOYMENT-ID="learnai-app" WAS-DEFAULT-HOSTNAME="learnai-app.scm.azurewebsites.net" X-Forwarded-Proto="https" X-AppService-Proto="https" X-Forwarded-TlsVersion="1.3" X-WAWS-Unencoded-URL="/api/deployments/latest?deployer=OneDeploy&amp;time=2025-11-24_23-55-05Z" X-Client-IP="172.184.219.161" X-Client-Port="12289" >
  <step title="Cleanup Xml Logs" date="2025-11-24T23:55:39.503" >
    <step title="Cleanup Infos" date="2025-11-24T23:55:39.560" totalFiles="268" totalCleanup="108" /><!-- duration: 27ms -->
  </step><!-- duration: 103ms -->
  <step title="DeploymentService.GetResult" date="2025-11-24T23:55:39.685" >
    <step title="DeploymentService.GetLatestDeployment" date="2025-11-24T23:55:39.695" >
      <step title="DeploymentManager.GetResults" date="2025-11-24T23:55:39.724" /><!-- duration: 383ms -->
    </step><!-- duration: 432ms -->
  </step><!-- duration: 461ms -->
  <step title="Outgoing response" date="2025-11-24T23:55:40.164" type="response" statusCode="202" statusText="Accepted" /><!-- duration: 20ms -->
</step><!-- duration: 713ms -->
