<step title="Incoming Request" date="2025-11-25T00:13:17.882" instance="d8ce03" url="/api/deployments/latest?deployer=OneDeploy&amp;time=2025-11-25_00-08-22Z" method="GET" type="request" pid="770,1,31" Host="learnai-app.scm.azurewebsites.net" User-Agent="GITHUBACTIONS_DeployWebAppToAzure_9767a614f689813e3677eebe167d25ccc800c22238519a94f255bdb6ea441a00" Authorization="Bea..." Content-Type="application/json; charset=utf-8" Cookie="ARRAffinity=d8ce030d10a8488f5af05adb44862a92568cc382a56095090ac9f1a788fb1dff;Path=/;HttpOnly;Secure;Domain=learnai-app.scm.azurewebsites.net; ARRAffinitySameSite=d8ce030d10a8488f5af05adb44862a92568cc382a56095090ac9f1a788fb1dff;Path=/;HttpOnly;SameSite=None;Secure;Domain=learnai-app.scm.azurewebsites.net" Content-Length="0" X-ARR-LOG-ID="27e902e1-e5f5-44fd-ab39-a03ce08633d9" CLIENT-IP="48.217.140.230:29745" X-SITE-DEPLOYMENT-ID="learnai-app" WAS-DEFAULT-HOSTNAME="learnai-app.scm.azurewebsites.net" X-Forwarded-Proto="https" X-AppService-Proto="https" X-Forwarded-TlsVersion="1.3" X-WAWS-Unencoded-URL="/api/deployments/latest?deployer=OneDeploy&amp;time=2025-11-25_00-08-22Z" X-Client-IP="48.217.140.230" X-Client-Port="29745" >
  <step title="Cleanup Xml Logs" date="2025-11-25T00:13:17.891" >
    <step title="Cleanup Infos" date="2025-11-25T00:13:17.910" totalFiles="376" totalCleanup="216" /><!-- duration: 8ms -->
  </step><!-- duration: 35ms -->
  <step title="DeploymentService.GetResult" date="2025-11-25T00:13:17.944" >
    <step title="DeploymentService.GetLatestDeployment" date="2025-11-25T00:13:17.953" >
      <step title="DeploymentManager.GetResults" date="2025-11-25T00:13:17.961" /><!-- duration: 314ms -->
    </step><!-- duration: 326ms -->
  </step><!-- duration: 342ms -->
  <step title="Outgoing response" date="2025-11-25T00:13:18.295" type="response" statusCode="202" statusText="Accepted" /><!-- duration: 8ms -->
</step><!-- duration: 423ms -->
