<step title="Incoming Request" date="2025-11-24T23:28:37.199" instance="d8ce03" url="/api/deployments/latest?deployer=OneDeploy&amp;time=2025-11-24_23-13-16Z" method="GET" type="request" pid="770,1,25" Host="learnai-app.scm.azurewebsites.net" User-Agent="GITHUBACTIONS_DeployWebAppToAzure_9767a614f689813e3677eebe167d25ccc800c22238519a94f255bdb6ea441a00" Authorization="Bea..." Content-Type="application/json; charset=utf-8" Cookie="ARRAffinity=d8ce030d10a8488f5af05adb44862a92568cc382a56095090ac9f1a788fb1dff;Path=/;HttpOnly;Secure;Domain=learnai-app.scm.azurewebsites.net; ARRAffinitySameSite=d8ce030d10a8488f5af05adb44862a92568cc382a56095090ac9f1a788fb1dff;Path=/;HttpOnly;SameSite=None;Secure;Domain=learnai-app.scm.azurewebsites.net" Content-Length="0" X-ARR-LOG-ID="49cf7f99-ad5a-418a-80a2-29e4abe96e0d" CLIENT-IP="52.190.183.80:60418" X-SITE-DEPLOYMENT-ID="learnai-app" WAS-DEFAULT-HOSTNAME="learnai-app.scm.azurewebsites.net" X-Forwarded-Proto="https" X-AppService-Proto="https" X-Forwarded-TlsVersion="1.3" X-WAWS-Unencoded-URL="/api/deployments/latest?deployer=OneDeploy&amp;time=2025-11-24_23-13-16Z" X-Client-IP="52.190.183.80" X-Client-Port="60418" >
  <step title="Cleanup Xml Logs" date="2025-11-24T23:28:37.207" >
    <step title="Cleanup Infos" date="2025-11-24T23:28:37.228" totalFiles="228" totalCleanup="68" /><!-- duration: 29ms -->
  </step><!-- duration: 66ms -->
  <step title="DeploymentService.GetResult" date="2025-11-24T23:28:37.285" >
    <step title="DeploymentService.GetLatestDeployment" date="2025-11-24T23:28:37.293" >
      <step title="DeploymentManager.GetResults" date="2025-11-24T23:28:37.295" /><!-- duration: 325ms -->
    </step><!-- duration: 330ms -->
  </step><!-- duration: 356ms -->
  <step title="Outgoing response" date="2025-11-24T23:28:37.649" type="response" statusCode="202" statusText="Accepted" /><!-- duration: 3ms -->
</step><!-- duration: 460ms -->
