<step title="Incoming Request" date="2025-11-25T08:38:55.936" instance="d8ce03" url="/api/publish?async=true&amp;deployer=GITHUB_ONE_DEPLOY&amp;type=zip&amp;message=%7B%22type%22%3A%22deployment%22%2C%22sha%22%3A%22e076784ebab11e86b147dd574b6c079e56c7f439%22%2C%22repoName%22%3A%22Junior620%2FlearnAI%22%2C%22actor%22%3A%22Junior620%22%2C%22slotName%22%3A%22Production%22%2C%22commitMessage%22%3A%22Fix%20app.py%20imports%20for%20Azure%22%7D" method="POST" type="request" pid="770,1,70" Host="learnai-app.scm.azurewebsites.net" User-Agent="GITHUBACTIONS_DeployWebAppToAzure_9767a614f689813e3677eebe167d25ccc800c22238519a94f255bdb6ea441a00" Authorization="Bea..." Content-Type="application/octet-stream" Cookie="ARRAffinity=d8ce030d10a8488f5af05adb44862a92568cc382a56095090ac9f1a788fb1dff;Path=/;HttpOnly;Secure;Domain=learnai-app.scm.azurewebsites.net; ARRAffinitySameSite=d8ce030d10a8488f5af05adb44862a92568cc382a56095090ac9f1a788fb1dff;Path=/;HttpOnly;SameSite=None;Secure;Domain=learnai-app.scm.azurewebsites.net" Transfer-Encoding="chunked" X-ARR-LOG-ID="66d39f1e-4ae0-461b-b8d3-abbebccf0dfd" CLIENT-IP="172.184.220.195:43032" X-SITE-DEPLOYMENT-ID="learnai-app" WAS-DEFAULT-HOSTNAME="learnai-app.scm.azurewebsites.net" X-Forwarded-Proto="https" X-AppService-Proto="https" X-Forwarded-TlsVersion="1.3" X-WAWS-Unencoded-URL="/api/publish?async=true&amp;deployer=GITHUB_ONE_DEPLOY&amp;type=zip&amp;message=%7B%22type%22%3A%22deployment%22%2C%22sha%22%3A%22e076784ebab11e86b147dd574b6c079e56c7f439%22%2C%22repoName%22%3A%22Junior620%2FlearnAI%22%2C%22actor%22%3A%22Junior620%22%2C%22slotName%22%3A%22Production%22%2C%22commitMessage%22%3A%22Fix%20app.py%20imports%20for%20Azure%22%7D" X-Client-IP="172.184.220.195" X-Client-Port="43032" >
  <step title="OneDeploy" date="2025-11-25T08:38:55.947" >
    <step title="Starting PushDeployAsync" date="2025-11-25T08:38:55.964" /><!-- duration: 9ms -->
    <step title="Writing artifact to /tmp/zipdeploy/3fb19aa2-8e62-4bc5-b316-a36e01fe1d7d.zip" date="2025-11-25T08:38:56.012" >
      <step title="Writing multipart request body to /tmp/zipdeploy/3fb19aa2-8e62-4bc5-b316-a36e01fe1d7d.zip" date="2025-11-25T08:38:56.020" /><!-- duration: 13ms -->
    </step><!-- duration: 191ms -->
    <step title="Removing previous build artifact&apos;s manifest file" date="2025-11-25T08:38:56.207" >
      <step title="Start deployment in the background" date="2025-11-25T08:38:56.221" >
        <step title="Acquiring Deployment Lock" date="2025-11-25T08:38:56.246" /><!-- duration: 11ms -->
        <step title="Acquired Deployment Lock" date="2025-11-25T08:38:56.328" /><!-- duration: 3ms -->
      </step><!-- duration: 182ms -->
    </step><!-- duration: 202ms -->
    <step title="Outgoing response" date="2025-11-25T08:38:56.413" type="response" statusCode="202" statusText="Accepted" /><!-- duration: 3ms -->
  </step><!-- duration: 471ms -->
