<step title="Incoming Request" date="2025-11-25T08:43:09.281" instance="d8ce03" url="/api/deployments/latest?deployer=OneDeploy&amp;time=2025-11-25_08-38-56Z" method="GET" type="request" pid="770,1,66" Host="learnai-app.scm.azurewebsites.net" User-Agent="GITHUBACTIONS_DeployWebAppToAzure_9767a614f689813e3677eebe167d25ccc800c22238519a94f255bdb6ea441a00" Authorization="Bea..." Content-Type="application/json; charset=utf-8" Cookie="ARRAffinity=d8ce030d10a8488f5af05adb44862a92568cc382a56095090ac9f1a788fb1dff;Path=/;HttpOnly;Secure;Domain=learnai-app.scm.azurewebsites.net; ARRAffinitySameSite=d8ce030d10a8488f5af05adb44862a92568cc382a56095090ac9f1a788fb1dff;Path=/;HttpOnly;SameSite=None;Secure;Domain=learnai-app.scm.azurewebsites.net" Content-Length="0" X-ARR-LOG-ID="872d61d7-1339-43b3-8ff6-23e8e76a86c5" CLIENT-IP="172.184.220.195:43034" X-SITE-DEPLOYMENT-ID="learnai-app" WAS-DEFAULT-HOSTNAME="learnai-app.scm.azurewebsites.net" X-Forwarded-Proto="https" X-AppService-Proto="https" X-Forwarded-TlsVersion="1.3" X-WAWS-Unencoded-URL="/api/deployments/latest?deployer=OneDeploy&amp;time=2025-11-25_08-38-56Z" X-Client-IP="172.184.220.195" X-Client-Port="43034" >
  <step title="Cleanup Xml Logs" date="2025-11-25T08:43:09.290" >
    <step title="Cleanup Infos" date="2025-11-25T08:43:09.319" totalFiles="489" totalCleanup="329" /><!-- duration: 4ms -->
  </step><!-- duration: 39ms -->
  <step title="DeploymentService.GetResult" date="2025-11-25T08:43:09.340" >
    <step title="DeploymentService.GetLatestDeployment" date="2025-11-25T08:43:09.347" >
      <step title="DeploymentManager.GetResults" date="2025-11-25T08:43:09.351" /><!-- duration: 540ms -->
    </step><!-- duration: 549ms -->
  </step><!-- duration: 559ms -->
  <step title="Outgoing response" date="2025-11-25T08:43:09.909" type="response" statusCode="202" statusText="Accepted" /><!-- duration: 6ms -->
</step><!-- duration: 637ms -->
