<step title="Incoming Request" date="2025-11-24T23:31:16.063" instance="d8ce03" url="/api/deployments/latest?deployer=OneDeploy&amp;time=2025-11-24_23-13-16Z" method="GET" type="request" pid="770,1,28" Host="learnai-app.scm.azurewebsites.net" User-Agent="GITHUBACTIONS_DeployWebAppToAzure_9767a614f689813e3677eebe167d25ccc800c22238519a94f255bdb6ea441a00" Authorization="Bea..." Content-Type="application/json; charset=utf-8" Cookie="ARRAffinity=d8ce030d10a8488f5af05adb44862a92568cc382a56095090ac9f1a788fb1dff;Path=/;HttpOnly;Secure;Domain=learnai-app.scm.azurewebsites.net; ARRAffinitySameSite=d8ce030d10a8488f5af05adb44862a92568cc382a56095090ac9f1a788fb1dff;Path=/;HttpOnly;SameSite=None;Secure;Domain=learnai-app.scm.azurewebsites.net" Content-Length="0" X-ARR-LOG-ID="c2c67685-ca96-4c52-b045-cf80e9816260" CLIENT-IP="52.190.183.80:60416" X-SITE-DEPLOYMENT-ID="learnai-app" WAS-DEFAULT-HOSTNAME="learnai-app.scm.azurewebsites.net" X-Forwarded-Proto="https" X-AppService-Proto="https" X-Forwarded-TlsVersion="1.3" X-WAWS-Unencoded-URL="/api/deployments/latest?deployer=OneDeploy&amp;time=2025-11-24_23-13-16Z" X-Client-IP="52.190.183.80" X-Client-Port="60416" >
  <step title="Cleanup Xml Logs" date="2025-11-24T23:31:16.079" >
    <step title="Cleanup Infos" date="2025-11-24T23:31:16.108" totalFiles="253" totalCleanup="93" /><!-- duration: 10ms -->
  </step><!-- duration: 49ms -->
  <step title="DeploymentService.GetResult" date="2025-11-24T23:31:16.138" >
    <step title="DeploymentService.GetLatestDeployment" date="2025-11-24T23:31:16.145" >
      <step title="DeploymentManager.GetResults" date="2025-11-24T23:31:16.149" /><!-- duration: 341ms -->
    </step><!-- duration: 354ms -->
  </step><!-- duration: 372ms -->
  <step title="Outgoing response" date="2025-11-24T23:31:16.529" type="response" statusCode="202" statusText="Accepted" /><!-- duration: 18ms -->
</step><!-- duration: 487ms -->
