<step title="Incoming Request" date="2025-11-25T00:10:07.168" instance="d8ce03" url="/api/deployments/latest?deployer=OneDeploy&amp;time=2025-11-25_00-08-22Z" method="GET" type="request" pid="770,1,27" Host="learnai-app.scm.azurewebsites.net" User-Agent="GITHUBACTIONS_DeployWebAppToAzure_9767a614f689813e3677eebe167d25ccc800c22238519a94f255bdb6ea441a00" Authorization="Bea..." Content-Type="application/json; charset=utf-8" Cookie="ARRAffinity=d8ce030d10a8488f5af05adb44862a92568cc382a56095090ac9f1a788fb1dff;Path=/;HttpOnly;Secure;Domain=learnai-app.scm.azurewebsites.net; ARRAffinitySameSite=d8ce030d10a8488f5af05adb44862a92568cc382a56095090ac9f1a788fb1dff;Path=/;HttpOnly;SameSite=None;Secure;Domain=learnai-app.scm.azurewebsites.net" Content-Length="0" X-ARR-LOG-ID="7deee2ae-46a2-4300-9487-20d28598217b" CLIENT-IP="48.217.140.230:29744" X-SITE-DEPLOYMENT-ID="learnai-app" WAS-DEFAULT-HOSTNAME="learnai-app.scm.azurewebsites.net" X-Forwarded-Proto="https" X-AppService-Proto="https" X-Forwarded-TlsVersion="1.3" X-WAWS-Unencoded-URL="/api/deployments/latest?deployer=OneDeploy&amp;time=2025-11-25_00-08-22Z" X-Client-IP="48.217.140.230" X-Client-Port="29744" >
  <step title="Cleanup Xml Logs" date="2025-11-25T00:10:07.186" >
    <step title="Cleanup Infos" date="2025-11-25T00:10:07.457" totalFiles="346" totalCleanup="186" /><!-- duration: 19ms -->
  </step><!-- duration: 317ms -->
  <step title="DeploymentService.GetResult" date="2025-11-25T00:10:07.522" >
    <step title="DeploymentService.GetLatestDeployment" date="2025-11-25T00:10:07.534" >
      <step title="DeploymentManager.GetResults" date="2025-11-25T00:10:07.579" /><!-- duration: 407ms -->
    </step><!-- duration: 463ms -->
  </step><!-- duration: 528ms -->
  <step title="Outgoing response" date="2025-11-25T00:10:08.061" type="response" statusCode="202" statusText="Accepted" /><!-- duration: 10ms -->
</step><!-- duration: 917ms -->
