<step title="Incoming Request" date="2025-11-24T23:28:55.786" instance="d8ce03" url="/api/deployments/latest?deployer=OneDeploy&amp;time=2025-11-24_23-13-16Z" method="GET" type="request" pid="770,1,25" Host="learnai-app.scm.azurewebsites.net" User-Agent="GITHUBACTIONS_DeployWebAppToAzure_9767a614f689813e3677eebe167d25ccc800c22238519a94f255bdb6ea441a00" Authorization="Bea..." Content-Type="application/json; charset=utf-8" Cookie="ARRAffinity=d8ce030d10a8488f5af05adb44862a92568cc382a56095090ac9f1a788fb1dff;Path=/;HttpOnly;Secure;Domain=learnai-app.scm.azurewebsites.net; ARRAffinitySameSite=d8ce030d10a8488f5af05adb44862a92568cc382a56095090ac9f1a788fb1dff;Path=/;HttpOnly;SameSite=None;Secure;Domain=learnai-app.scm.azurewebsites.net" Content-Length="0" X-ARR-LOG-ID="2f98cd3d-8903-424f-b707-0e81191d756c" CLIENT-IP="52.190.183.80:60416" X-SITE-DEPLOYMENT-ID="learnai-app" WAS-DEFAULT-HOSTNAME="learnai-app.scm.azurewebsites.net" X-Forwarded-Proto="https" X-AppService-Proto="https" X-Forwarded-TlsVersion="1.3" X-WAWS-Unencoded-URL="/api/deployments/latest?deployer=OneDeploy&amp;time=2025-11-24_23-13-16Z" X-Client-IP="52.190.183.80" X-Client-Port="60416" >
  <step title="Cleanup Xml Logs" date="2025-11-24T23:28:55.812" >
    <step title="Cleanup Infos" date="2025-11-24T23:28:55.891" totalFiles="231" totalCleanup="71" /><!-- duration: 19ms -->
  </step><!-- duration: 127ms -->
  <step title="DeploymentService.GetResult" date="2025-11-24T23:28:55.965" >
    <step title="DeploymentService.GetLatestDeployment" date="2025-11-24T23:28:55.975" >
      <step title="DeploymentManager.GetResults" date="2025-11-24T23:28:55.984" /><!-- duration: 326ms -->
    </step><!-- duration: 338ms -->
  </step><!-- duration: 355ms -->
  <step title="Outgoing response" date="2025-11-24T23:28:56.329" type="response" statusCode="202" statusText="Accepted" /><!-- duration: 3ms -->
</step><!-- duration: 573ms -->
