<step title="BackgroundTrace" date="2025-11-24T23:55:04.849" instance="d8ce03" url="/api/publish" method="POST" >
  <step title="Creating temporary deployment - FetchDeploymentManager" date="2025-11-24T23:55:05.177" /><!-- duration: 3ms -->
  <step title="Creating temporary deployment" date="2025-11-24T23:55:05.234" /><!-- duration: 142ms -->
  <step title="Performing fetch based deployment" date="2025-11-24T23:55:05.557" >
    <step title="Cleaning up temp folders from previous zip deployments and extracting pushed zip file /tmp/zipdeploy/44ece4e7-e1c8-4c40-a5ec-0e0566709264.zip (0.16 MB) to /tmp/zipdeploy/extracted" date="2025-11-24T23:55:06.830" >
      <step title="ChmodRecursive Process exited with total time taken in ms: 163" date="2025-11-24T23:55:07.209" /><!-- duration: 9ms -->
    </step><!-- duration: 397ms -->
    <step title="Deployment timer started" date="2025-11-24T23:55:09.269" >
      <step title="DeploymentManager.Deploy(id:e146f4bb-4171-4400-a3ac-ea38b1604de1)" date="2025-11-24T23:55:09.297" >
        <step title="Collecting changeset information" date="2025-11-24T23:55:09.392" /><!-- duration: 230ms -->
        <step title="Updating submodules" date="2025-11-24T23:55:09.632" /><!-- duration: 1252ms -->
        <step title="Determining deployment builder" date="2025-11-24T23:55:11.264" >
          <step title="Builder is OryxBuilder" date="2025-11-24T23:55:11.283" /><!-- duration: 19ms -->
        </step><!-- duration: 65ms -->
        <step title="PreDeployment: context.CleanOutputPath False" date="2025-11-24T23:55:11.470" >
          <step title="PreDeployment: context.OutputPath /home/site/wwwroot" date="2025-11-24T23:55:11.717" >
            <step title="Building" date="2025-11-24T23:55:11.969" >
              <step title="Executing external process" date="2025-11-24T23:55:13.347" type="process" path="bash" arguments="-c &quot;oryx build /tmp/zipdeploy/extracted -o /home/site/wwwroot --platform python --platform-version 3.12 -p virtualenv_name=antenv --log-file /tmp/build-debug.log  -i /tmp/8de2bb4e7a0f28a --compress-destination-dir | tee /tmp/oryx-build.log ; exit $PIPESTATUS &quot;" >
                <step title="Cpu: python(1761,36.060s)+ts(1762,0.160s)+build.sh(1760,0.000s)+build.sh(1759,0.000s)+build.sh(1672,0.060s)+oryx(1649,5.370s)+tee(1650,0.000s)+bash(1648,0.000s)=total(41.650s)" date="2025-11-24T23:56:59.953" /><!-- duration: 5ms -->
                <step title="bash: no io activity for 61s, prev-cpu=-1.000s, current-cpu=41.650s" date="2025-11-24T23:56:59.991" /><!-- duration: 12ms -->
                <step title="Cpu: python(1761,64.540s)+ts(1762,0.160s)+build.sh(1760,0.000s)+build.sh(1759,0.000s)+build.sh(1672,0.060s)+oryx(1649,5.520s)+tee(1650,0.000s)+bash(1648,0.000s)=total(70.270s)" date="2025-11-24T23:58:00.529" /><!-- duration: 77ms -->
                <step title="bash: no io activity for 121s, prev-cpu=41.650s, current-cpu=70.270s" date="2025-11-24T23:58:00.653" /><!-- duration: 12ms -->
                <step title="Cpu: gzip(1846,35.260s)+sh(1845,0.000s)+tar(1844,2.830s)+build.sh(1672,0.070s)+oryx(1649,5.920s)+tee(1650,0.010s)+bash(1648,0.000s)=total(44.090s)" date="2025-11-25T00:00:46.435" /><!-- duration: 59ms -->
                <step title="bash: no io activity for 61s, prev-cpu=-1.000s, current-cpu=44.090s" date="2025-11-25T00:00:46.579" /><!-- duration: 29ms -->
              </step><!-- duration: 385968ms -->
              <step title="Using PythonDeploymentLogParser" date="2025-11-25T00:01:39.962" /><!-- duration: 9ms -->
              <step title="Modified file to trigger a restart of the app container." date="2025-11-25T00:01:41.171" /><!-- duration: 4ms -->
              <step title="Skip function trigger and logicapp sync because function is not enabled." date="2025-11-25T00:01:41.195" /><!-- duration: 5ms -->
            </step><!-- duration: 389963ms -->
          </step><!-- duration: 390220ms -->
          <step title="Cleaning up temp files" date="2025-11-25T00:01:41.939" /><!-- duration: 4288ms -->
          <step title="Cleaning up temp files" date="2025-11-25T00:01:46.233" /><!-- duration: 518ms -->
          <step title="Reloading status file with latest updates" date="2025-11-25T00:01:46.815" >
            <step title="WebHooksManager.PublishEventAsync: PostDeployment" date="2025-11-25T00:01:46.819" /><!-- duration: 55ms -->
          </step><!-- duration: 62ms -->
          <step title="Cleaning up temporary deployment - fetch deployment was successful" date="2025-11-25T00:01:46.885" /><!-- duration: 17ms -->
        </step><!-- duration: 395481ms -->
      </step><!-- duration: 397667ms -->
