<step title="Incoming Request" date="2025-11-25T00:08:22.281" instance="d8ce03" url="/api/publish?async=true&amp;deployer=GITHUB_ONE_DEPLOY&amp;type=zip&amp;message=%7B%22type%22%3A%22deployment%22%2C%22sha%22%3A%22c22ddd0afe32cb275625809fddde6a82199ba13a%22%2C%22repoName%22%3A%22Junior620%2FlearnAI%22%2C%22actor%22%3A%22Junior620%22%2C%22slotName%22%3A%22Production%22%2C%22commitMessage%22%3A%22Clean%20up%20and%20fix%20startup.sh%22%7D" method="POST" type="request" pid="770,1,30" Host="learnai-app.scm.azurewebsites.net" User-Agent="GITHUBACTIONS_DeployWebAppToAzure_9767a614f689813e3677eebe167d25ccc800c22238519a94f255bdb6ea441a00" Authorization="Bea..." Content-Type="application/octet-stream" Cookie="ARRAffinity=d8ce030d10a8488f5af05adb44862a92568cc382a56095090ac9f1a788fb1dff;Path=/;HttpOnly;Secure;Domain=learnai-app.scm.azurewebsites.net; ARRAffinitySameSite=d8ce030d10a8488f5af05adb44862a92568cc382a56095090ac9f1a788fb1dff;Path=/;HttpOnly;SameSite=None;Secure;Domain=learnai-app.scm.azurewebsites.net" Transfer-Encoding="chunked" X-ARR-LOG-ID="2ba4d7d3-f400-4a3b-8d8e-790e2195ef2d" CLIENT-IP="48.217.140.230:29744" X-SITE-DEPLOYMENT-ID="learnai-app" WAS-DEFAULT-HOSTNAME="learnai-app.scm.azurewebsites.net" X-Forwarded-Proto="https" X-AppService-Proto="https" X-Forwarded-TlsVersion="1.3" X-WAWS-Unencoded-URL="/api/publish?async=true&amp;deployer=GITHUB_ONE_DEPLOY&amp;type=zip&amp;message=%7B%22type%22%3A%22deployment%22%2C%22sha%22%3A%22c22ddd0afe32cb275625809fddde6a82199ba13a%22%2C%22repoName%22%3A%22Junior620%2FlearnAI%22%2C%22actor%22%3A%22Junior620%22%2C%22slotName%22%3A%22Production%22%2C%22commitMessage%22%3A%22Clean%20up%20and%20fix%20startup.sh%22%7D" X-Client-IP="48.217.140.230" X-Client-Port="29744" >
  <step title="OneDeploy" date="2025-11-25T00:08:22.373" >
    <step title="Starting PushDeployAsync" date="2025-11-25T00:08:22.382" /><!-- duration: 3ms -->
    <step title="Writing artifact to /tmp/zipdeploy/c45e1e2d-79f3-4eeb-bac1-c9e5b4168d3a.zip" date="2025-11-25T00:08:22.406" >
      <step title="Writing multipart request body to /tmp/zipdeploy/c45e1e2d-79f3-4eeb-bac1-c9e5b4168d3a.zip" date="2025-11-25T00:08:22.415" /><!-- duration: 3ms -->
    </step><!-- duration: 126ms -->
    <step title="Removing previous build artifact&apos;s manifest file" date="2025-11-25T00:08:22.537" >
      <step title="Start deployment in the background" date="2025-11-25T00:08:22.547" >
        <step title="Acquiring Deployment Lock" date="2025-11-25T00:08:22.563" /><!-- duration: 3ms -->
        <step title="Acquired Deployment Lock" date="2025-11-25T00:08:22.601" /><!-- duration: 10ms -->
      </step><!-- duration: 151ms -->
    </step><!-- duration: 173ms -->
    <step title="Outgoing response" date="2025-11-25T00:08:22.713" type="response" statusCode="202" statusText="Accepted" /><!-- duration: 2ms -->
  </step><!-- duration: 345ms -->
