<step title="Incoming Request" date="2025-11-24T23:27:41.030" instance="d8ce03" url="/api/deployments/latest?deployer=OneDeploy&amp;time=2025-11-24_23-13-16Z" method="GET" type="request" pid="770,1,24" Host="learnai-app.scm.azurewebsites.net" User-Agent="GITHUBACTIONS_DeployWebAppToAzure_9767a614f689813e3677eebe167d25ccc800c22238519a94f255bdb6ea441a00" Authorization="Bea..." Content-Type="application/json; charset=utf-8" Cookie="ARRAffinity=d8ce030d10a8488f5af05adb44862a92568cc382a56095090ac9f1a788fb1dff;Path=/;HttpOnly;Secure;Domain=learnai-app.scm.azurewebsites.net; ARRAffinitySameSite=d8ce030d10a8488f5af05adb44862a92568cc382a56095090ac9f1a788fb1dff;Path=/;HttpOnly;SameSite=None;Secure;Domain=learnai-app.scm.azurewebsites.net" Content-Length="0" X-ARR-LOG-ID="df9d4440-371e-44e6-8aba-4090beb21a81" CLIENT-IP="52.190.183.80:60416" X-SITE-DEPLOYMENT-ID="learnai-app" WAS-DEFAULT-HOSTNAME="learnai-app.scm.azurewebsites.net" X-Forwarded-Proto="https" X-AppService-Proto="https" X-Forwarded-TlsVersion="1.3" X-WAWS-Unencoded-URL="/api/deployments/latest?deployer=OneDeploy&amp;time=2025-11-24_23-13-16Z" X-Client-IP="52.190.183.80" X-Client-Port="60416" >
  <step title="Cleanup Xml Logs" date="2025-11-24T23:27:41.050" >
    <step title="Cleanup Infos" date="2025-11-24T23:27:41.079" totalFiles="219" totalCleanup="59" /><!-- duration: 27ms -->
  </step><!-- duration: 293ms -->
  <step title="DeploymentService.GetResult" date="2025-11-24T23:27:41.363" >
    <step title="DeploymentService.GetLatestDeployment" date="2025-11-24T23:27:41.371" >
      <step title="DeploymentManager.GetResults" date="2025-11-24T23:27:41.374" /><!-- duration: 352ms -->
    </step><!-- duration: 366ms -->
  </step><!-- duration: 383ms -->
  <step title="Outgoing response" date="2025-11-24T23:27:41.764" type="response" statusCode="202" statusText="Accepted" /><!-- duration: 9ms -->
</step><!-- duration: 756ms -->
