<step title="Incoming Request" date="2025-11-25T08:41:27.656" instance="d8ce03" url="/api/deployments/latest?deployer=OneDeploy&amp;time=2025-11-25_08-38-56Z" method="GET" type="request" pid="770,1,62" Host="learnai-app.scm.azurewebsites.net" User-Agent="GITHUBACTIONS_DeployWebAppToAzure_9767a614f689813e3677eebe167d25ccc800c22238519a94f255bdb6ea441a00" Authorization="Bea..." Content-Type="application/json; charset=utf-8" Cookie="ARRAffinity=d8ce030d10a8488f5af05adb44862a92568cc382a56095090ac9f1a788fb1dff;Path=/;HttpOnly;Secure;Domain=learnai-app.scm.azurewebsites.net; ARRAffinitySameSite=d8ce030d10a8488f5af05adb44862a92568cc382a56095090ac9f1a788fb1dff;Path=/;HttpOnly;SameSite=None;Secure;Domain=learnai-app.scm.azurewebsites.net" Content-Length="0" X-ARR-LOG-ID="44f91a49-04ef-482f-b660-e2a46ca4fea4" CLIENT-IP="172.184.220.195:43034" X-SITE-DEPLOYMENT-ID="learnai-app" WAS-DEFAULT-HOSTNAME="learnai-app.scm.azurewebsites.net" X-Forwarded-Proto="https" X-AppService-Proto="https" X-Forwarded-TlsVersion="1.3" X-WAWS-Unencoded-URL="/api/deployments/latest?deployer=OneDeploy&amp;time=2025-11-25_08-38-56Z" X-Client-IP="172.184.220.195" X-Client-Port="43034" >
  <step title="Cleanup Xml Logs" date="2025-11-25T08:41:27.676" >
    <step title="Cleanup Infos" date="2025-11-25T08:41:27.846" totalFiles="475" totalCleanup="315" /><!-- duration: 39ms -->
  </step><!-- duration: 230ms -->
  <step title="DeploymentService.GetResult" date="2025-11-25T08:41:27.991" >
    <step title="DeploymentService.GetLatestDeployment" date="2025-11-25T08:41:28.003" >
      <step title="DeploymentManager.GetResults" date="2025-11-25T08:41:28.022" /><!-- duration: 911ms -->
    </step><!-- duration: 966ms -->
  </step><!-- duration: 986ms -->
  <step title="Outgoing response" date="2025-11-25T08:41:29.000" type="response" statusCode="202" statusText="Accepted" /><!-- duration: 9ms -->
</step><!-- duration: 1361ms -->
