<step title="Incoming Request" date="2025-11-24T23:55:03.847" instance="d8ce03" url="/api/publish?async=true&amp;deployer=GITHUB_ONE_DEPLOY&amp;type=zip&amp;message=%7B%22type%22%3A%22deployment%22%2C%22sha%22%3A%2204dd05d886741d8ca19778dd626d2d7572ecf9c9%22%2C%22repoName%22%3A%22Junior620%2FlearnAI%22%2C%22actor%22%3A%22Junior620%22%2C%22slotName%22%3A%22Production%22%2C%22commitMessage%22%3A%22Merge%20branch%20%27main%27%20of%20https%3A%2F%2Fgithub.com%2FJunior620%2FlearnAI%5CnMerge%20main%20into%20local%20branch%22%7D" method="POST" type="request" pid="770,1,30" Host="learnai-app.scm.azurewebsites.net" User-Agent="GITHUBACTIONS_DeployWebAppToAzure_9767a614f689813e3677eebe167d25ccc800c22238519a94f255bdb6ea441a00" Authorization="Bea..." Content-Type="application/octet-stream" Cookie="ARRAffinity=d8ce030d10a8488f5af05adb44862a92568cc382a56095090ac9f1a788fb1dff;Path=/;HttpOnly;Secure;Domain=learnai-app.scm.azurewebsites.net; ARRAffinitySameSite=d8ce030d10a8488f5af05adb44862a92568cc382a56095090ac9f1a788fb1dff;Path=/;HttpOnly;SameSite=None;Secure;Domain=learnai-app.scm.azurewebsites.net" Transfer-Encoding="chunked" X-ARR-LOG-ID="c03af7f8-4400-41d7-a3d8-0e38ffb45a6c" CLIENT-IP="172.184.219.161:12288" X-SITE-DEPLOYMENT-ID="learnai-app" WAS-DEFAULT-HOSTNAME="learnai-app.scm.azurewebsites.net" X-Forwarded-Proto="https" X-AppService-Proto="https" X-Forwarded-TlsVersion="1.3" X-WAWS-Unencoded-URL="/api/publish?async=true&amp;deployer=GITHUB_ONE_DEPLOY&amp;type=zip&amp;message=%7B%22type%22%3A%22deployment%22%2C%22sha%22%3A%2204dd05d886741d8ca19778dd626d2d7572ecf9c9%22%2C%22repoName%22%3A%22Junior620%2FlearnAI%22%2C%22actor%22%3A%22Junior620%22%2C%22slotName%22%3A%22Production%22%2C%22commitMessage%22%3A%22Merge%20branch%20%27main%27%20of%20https%3A%2F%2Fgithub.com%2FJunior620%2FlearnAI%5CnMerge%20main%20into%20local%20branch%22%7D" X-Client-IP="172.184.219.161" X-Client-Port="12288" >
  <step title="OneDeploy" date="2025-11-24T23:55:04.380" >
    <step title="Starting PushDeployAsync" date="2025-11-24T23:55:04.428" /><!-- duration: 9ms -->
    <step title="Writing artifact to /tmp/zipdeploy/44ece4e7-e1c8-4c40-a5ec-0e0566709264.zip" date="2025-11-24T23:55:04.571" >
      <step title="Writing multipart request body to /tmp/zipdeploy/44ece4e7-e1c8-4c40-a5ec-0e0566709264.zip" date="2025-11-24T23:55:04.582" /><!-- duration: 17ms -->
    </step><!-- duration: 163ms -->
    <step title="Removing previous build artifact&apos;s manifest file" date="2025-11-24T23:55:04.752" >
      <step title="Start deployment in the background" date="2025-11-24T23:55:04.780" >
        <step title="Acquiring Deployment Lock" date="2025-11-24T23:55:05.033" /><!-- duration: 4ms -->
        <step title="Acquired Deployment Lock" date="2025-11-24T23:55:05.129" /><!-- duration: 3ms -->
      </step><!-- duration: 606ms -->
    </step><!-- duration: 671ms -->
    <step title="Outgoing response" date="2025-11-24T23:55:05.492" type="response" statusCode="202" statusText="Accepted" /><!-- duration: 18ms -->
  </step><!-- duration: 1149ms -->
