﻿<?xml version="1.0" encoding="utf-8"?>
<deployment>
  <id>cbf1e0a2-32d1-434d-b066-06e76f2c0ea1</id>
  <author>N/A</author>
  <deployer>OneDeploy</deployer>
  <authorEmail>N/A</authorEmail>
  <message>OneDeploy</message>
  <progress></progress>
  <status>Success</status>
  <statusText></statusText>
  <lastSuccessEndTime>2025-11-25T08:45:04.7707263Z</lastSuccessEndTime>
  <receivedTime>2025-11-25T08:38:59.8826041Z</receivedTime>
  <startTime>2025-11-25T08:39:01.2797425Z</startTime>
  <endTime>2025-11-25T08:45:04.7707263Z</endTime>
  <complete>True</complete>
  <is_temp>False</is_temp>
  <is_readonly>True</is_readonly>
  <buildSummary />
</deployment>