<step title="Incoming Request" date="2025-11-25T00:12:53.757" instance="d8ce03" url="/api/deployments/latest?deployer=OneDeploy&amp;time=2025-11-25_00-08-22Z" method="GET" type="request" pid="770,1,27" Host="learnai-app.scm.azurewebsites.net" User-Agent="GITHUBACTIONS_DeployWebAppToAzure_9767a614f689813e3677eebe167d25ccc800c22238519a94f255bdb6ea441a00" Authorization="Bea..." Content-Type="application/json; charset=utf-8" Cookie="ARRAffinity=d8ce030d10a8488f5af05adb44862a92568cc382a56095090ac9f1a788fb1dff;Path=/;HttpOnly;Secure;Domain=learnai-app.scm.azurewebsites.net; ARRAffinitySameSite=d8ce030d10a8488f5af05adb44862a92568cc382a56095090ac9f1a788fb1dff;Path=/;HttpOnly;SameSite=None;Secure;Domain=learnai-app.scm.azurewebsites.net" Content-Length="0" X-ARR-LOG-ID="deb9be35-1aa8-40dc-9580-2452ac896cf5" CLIENT-IP="48.217.140.230:29746" X-SITE-DEPLOYMENT-ID="learnai-app" WAS-DEFAULT-HOSTNAME="learnai-app.scm.azurewebsites.net" X-Forwarded-Proto="https" X-AppService-Proto="https" X-Forwarded-TlsVersion="1.3" X-WAWS-Unencoded-URL="/api/deployments/latest?deployer=OneDeploy&amp;time=2025-11-25_00-08-22Z" X-Client-IP="48.217.140.230" X-Client-Port="29746" >
  <step title="Cleanup Xml Logs" date="2025-11-25T00:12:53.764" >
    <step title="Cleanup Infos" date="2025-11-25T00:12:53.810" totalFiles="372" totalCleanup="212" /><!-- duration: 10ms -->
  </step><!-- duration: 65ms -->
  <step title="DeploymentService.GetResult" date="2025-11-25T00:12:53.858" >
    <step title="DeploymentService.GetLatestDeployment" date="2025-11-25T00:12:53.866" >
      <step title="DeploymentManager.GetResults" date="2025-11-25T00:12:53.869" /><!-- duration: 377ms -->
    </step><!-- duration: 382ms -->
  </step><!-- duration: 399ms -->
  <step title="Outgoing response" date="2025-11-25T00:12:54.266" type="response" statusCode="202" statusText="Accepted" /><!-- duration: 10ms -->
</step><!-- duration: 528ms -->
