<step title="Incoming Request" date="2025-11-24T23:56:57.036" instance="d8ce03" url="/api/deployments/latest?deployer=OneDeploy&amp;time=2025-11-24_23-55-05Z" method="GET" type="request" pid="770,1,37" Host="learnai-app.scm.azurewebsites.net" User-Agent="GITHUBACTIONS_DeployWebAppToAzure_9767a614f689813e3677eebe167d25ccc800c22238519a94f255bdb6ea441a00" Authorization="Bea..." Content-Type="application/json; charset=utf-8" Cookie="ARRAffinity=d8ce030d10a8488f5af05adb44862a92568cc382a56095090ac9f1a788fb1dff;Path=/;HttpOnly;Secure;Domain=learnai-app.scm.azurewebsites.net; ARRAffinitySameSite=d8ce030d10a8488f5af05adb44862a92568cc382a56095090ac9f1a788fb1dff;Path=/;HttpOnly;SameSite=None;Secure;Domain=learnai-app.scm.azurewebsites.net" Content-Length="0" X-ARR-LOG-ID="2bc300d7-88de-4ae4-8906-9f671df90f65" CLIENT-IP="172.184.219.161:12289" X-SITE-DEPLOYMENT-ID="learnai-app" WAS-DEFAULT-HOSTNAME="learnai-app.scm.azurewebsites.net" X-Forwarded-Proto="https" X-AppService-Proto="https" X-Forwarded-TlsVersion="1.3" X-WAWS-Unencoded-URL="/api/deployments/latest?deployer=OneDeploy&amp;time=2025-11-24_23-55-05Z" X-Client-IP="172.184.219.161" X-Client-Port="12289" >
  <step title="Cleanup Xml Logs" date="2025-11-24T23:56:57.044" >
    <step title="Cleanup Infos" date="2025-11-24T23:56:57.083" totalFiles="280" totalCleanup="120" /><!-- duration: 19ms -->
  </step><!-- duration: 64ms -->
  <step title="DeploymentService.GetResult" date="2025-11-24T23:56:57.121" >
    <step title="DeploymentService.GetLatestDeployment" date="2025-11-24T23:56:57.131" >
      <step title="DeploymentManager.GetResults" date="2025-11-24T23:56:57.141" /><!-- duration: 302ms -->
    </step><!-- duration: 333ms -->
  </step><!-- duration: 353ms -->
  <step title="Outgoing response" date="2025-11-24T23:56:57.483" type="response" statusCode="202" statusText="Accepted" /><!-- duration: 9ms -->
</step><!-- duration: 472ms -->
