<step title="Incoming Request" date="2025-11-25T08:25:34.354" instance="d8ce03" url="/api/deployments/latest?deployer=OneDeploy&amp;time=2025-11-25_08-24-47Z" method="GET" type="request" pid="770,1,75" Host="learnai-app.scm.azurewebsites.net" User-Agent="GITHUBACTIONS_DeployWebAppToAzure_9767a614f689813e3677eebe167d25ccc800c22238519a94f255bdb6ea441a00" Authorization="Bea..." Content-Type="application/json; charset=utf-8" Cookie="ARRAffinity=d8ce030d10a8488f5af05adb44862a92568cc382a56095090ac9f1a788fb1dff;Path=/;HttpOnly;Secure;Domain=learnai-app.scm.azurewebsites.net; ARRAffinitySameSite=d8ce030d10a8488f5af05adb44862a92568cc382a56095090ac9f1a788fb1dff;Path=/;HttpOnly;SameSite=None;Secure;Domain=learnai-app.scm.azurewebsites.net" Content-Length="0" X-ARR-LOG-ID="9c46a81d-6653-48b2-9f98-517a219d4e95" CLIENT-IP="172.212.165.74:48129" X-SITE-DEPLOYMENT-ID="learnai-app" WAS-DEFAULT-HOSTNAME="learnai-app.scm.azurewebsites.net" X-Forwarded-Proto="https" X-AppService-Proto="https" X-Forwarded-TlsVersion="1.3" X-WAWS-Unencoded-URL="/api/deployments/latest?deployer=OneDeploy&amp;time=2025-11-25_08-24-47Z" X-Client-IP="172.212.165.74" X-Client-Port="48129" >
  <step title="Cleanup Xml Logs" date="2025-11-25T08:25:34.362" >
    <step title="Cleanup Infos" date="2025-11-25T08:25:34.400" totalFiles="402" totalCleanup="242" /><!-- duration: 11ms -->
  </step><!-- duration: 66ms -->
  <step title="DeploymentService.GetResult" date="2025-11-25T08:25:34.440" >
    <step title="DeploymentService.GetLatestDeployment" date="2025-11-25T08:25:34.449" >
      <step title="DeploymentManager.GetResults" date="2025-11-25T08:25:34.458" /><!-- duration: 530ms -->
    </step><!-- duration: 549ms -->
  </step><!-- duration: 564ms -->
  <step title="Outgoing response" date="2025-11-25T08:25:35.014" type="response" statusCode="202" statusText="Accepted" /><!-- duration: 4ms -->
</step><!-- duration: 689ms -->
