<step title="Incoming Request" date="2025-11-25T00:00:03.533" instance="d8ce03" url="/api/deployments/latest?deployer=OneDeploy&amp;time=2025-11-24_23-55-05Z" method="GET" type="request" pid="770,1,34" Host="learnai-app.scm.azurewebsites.net" User-Agent="GITHUBACTIONS_DeployWebAppToAzure_9767a614f689813e3677eebe167d25ccc800c22238519a94f255bdb6ea441a00" Authorization="Bea..." Content-Type="application/json; charset=utf-8" Cookie="ARRAffinity=d8ce030d10a8488f5af05adb44862a92568cc382a56095090ac9f1a788fb1dff;Path=/;HttpOnly;Secure;Domain=learnai-app.scm.azurewebsites.net; ARRAffinitySameSite=d8ce030d10a8488f5af05adb44862a92568cc382a56095090ac9f1a788fb1dff;Path=/;HttpOnly;SameSite=None;Secure;Domain=learnai-app.scm.azurewebsites.net" Content-Length="0" X-ARR-LOG-ID="64bd0dad-3ee6-4bc3-93df-1ad5df7d2fa2" CLIENT-IP="172.184.219.161:12288" X-SITE-DEPLOYMENT-ID="learnai-app" WAS-DEFAULT-HOSTNAME="learnai-app.scm.azurewebsites.net" X-Forwarded-Proto="https" X-AppService-Proto="https" X-Forwarded-TlsVersion="1.3" X-WAWS-Unencoded-URL="/api/deployments/latest?deployer=OneDeploy&amp;time=2025-11-24_23-55-05Z" X-Client-IP="172.184.219.161" X-Client-Port="12288" >
  <step title="Cleanup Xml Logs" date="2025-11-25T00:00:03.535" >
    <step title="Cleanup Infos" date="2025-11-25T00:00:03.621" totalFiles="309" totalCleanup="149" /><!-- duration: 21ms -->
  </step><!-- duration: 122ms -->
  <step title="DeploymentService.GetResult" date="2025-11-25T00:00:03.805" >
    <step title="DeploymentService.GetLatestDeployment" date="2025-11-25T00:00:03.822" >
      <step title="DeploymentManager.GetResults" date="2025-11-25T00:00:03.825" /><!-- duration: 515ms -->
    </step><!-- duration: 548ms -->
  </step><!-- duration: 575ms -->
  <step title="Outgoing response" date="2025-11-25T00:00:04.456" type="response" statusCode="202" statusText="Accepted" /><!-- duration: 47ms -->
</step><!-- duration: 997ms -->
