<step title="Incoming Request" date="2025-11-24T22:44:45.373" instance="d8ce03" url="/api/zipdeploy?isAsync=true" method="POST" type="request" pid="776,1,17" Accept="*/*" Host="learnai-app.scm.azurewebsites.net" User-Agent="AZURECLI/2.80.0 (MSI)" Accept-Encoding="gzip, deflate" Authorization="Bea..." Cache-Control="no-cache" Content-Type="application/octet-stream" Content-Length="371581" x-ms-client-request-id="1d8a66c0-c987-11f0-9cff-70cf494b569e" x-ms-artifact-checksum="7c551bd40b704b9db0cdda870dcedfd07e309eceaec07c8288a86394e376cc77" X-ARR-LOG-ID="1d8a66c0-c987-11f0-9cff-70cf494b569e" CLIENT-IP="41.202.207.172:52470" X-SITE-DEPLOYMENT-ID="learnai-app" WAS-DEFAULT-HOSTNAME="learnai-app.scm.azurewebsites.net" X-Forwarded-Proto="https" X-AppService-Proto="https" X-Forwarded-TlsVersion="1.3" X-WAWS-Unencoded-URL="/api/zipdeploy?isAsync=true" X-Client-IP="41.202.207.172" X-Client-Port="52470" >
  <step title="Cleanup Xml Logs" date="2025-11-24T22:44:45.376" /><!-- duration: 5ms -->
  <step title="ZipPushDeploy" date="2025-11-24T22:44:45.389" >
    <step title="ZipDeploy. Extract zip. Remote build." date="2025-11-24T22:44:45.394" /><!-- duration: 2ms -->
    <step title="Starting PushDeployAsync" date="2025-11-24T22:44:45.400" /><!-- duration: 2ms -->
    <step title="Writing artifact to /tmp/zipdeploy/a7ee466d-2389-4d4e-b177-9f65e66fba49.zip" date="2025-11-24T22:44:45.414" >
      <step title="Writing multipart request body to /tmp/zipdeploy/a7ee466d-2389-4d4e-b177-9f65e66fba49.zip" date="2025-11-24T22:44:45.416" /><!-- duration: 12ms -->
    </step><!-- duration: 1541ms -->
    <step title="Start deployment in the background" date="2025-11-24T22:44:46.969" >
      <step title="Acquiring Deployment Lock" date="2025-11-24T22:44:46.985" /><!-- duration: 3ms -->
      <step title="Acquired Deployment Lock" date="2025-11-24T22:44:47.017" /><!-- duration: 3ms -->
    </step><!-- duration: 127ms -->
  </step><!-- duration: 1712ms -->
  <step title="Outgoing response" date="2025-11-24T22:44:47.104" type="response" statusCode="202" statusText="Accepted" /><!-- duration: 2ms -->
</step><!-- duration: 1736ms -->
