<step title="Incoming Request" date="2025-11-24T22:32:33.907" instance="d8ce03" url="/api/zipdeploy?isAsync=true" method="POST" type="request" pid="776,1,16" Accept="*/*" Host="learnai-app.scm.azurewebsites.net" User-Agent="AZURECLI/2.80.0 (MSI)" Accept-Encoding="gzip, deflate" Authorization="Bea..." Cache-Control="no-cache" Content-Type="application/octet-stream" Content-Length="370799" x-ms-client-request-id="672b2215-c985-11f0-9467-70cf494b569e" x-ms-artifact-checksum="9c9b1bff026310cf933ff1c0b586490b62d3c685a2008b7e4ae42bdf3040bd39" X-ARR-LOG-ID="672b2215-c985-11f0-9467-70cf494b569e" CLIENT-IP="41.202.207.172:11610" X-SITE-DEPLOYMENT-ID="learnai-app" WAS-DEFAULT-HOSTNAME="learnai-app.scm.azurewebsites.net" X-Forwarded-Proto="https" X-AppService-Proto="https" X-Forwarded-TlsVersion="1.3" X-WAWS-Unencoded-URL="/api/zipdeploy?isAsync=true" X-Client-IP="41.202.207.172" X-Client-Port="11610" >
  <step title="Cleanup Xml Logs" date="2025-11-24T22:32:33.913" /><!-- duration: 5ms -->
  <step title="ZipPushDeploy" date="2025-11-24T22:32:33.960" >
    <step title="ZipDeploy. Extract zip. Remote build." date="2025-11-24T22:32:33.973" /><!-- duration: 2ms -->
    <step title="None repository commit" date="2025-11-24T22:32:33.985" >
      <step title="Commit id: 6aa14aae-20a2-48ac-b339-04692ce10a5e" date="2025-11-24T22:32:33.988" Message="N/A" AuthorName="N/A" AuthorEmail="N/A" /><!-- duration: 3ms -->
    </step><!-- duration: 9ms -->
    <step title="Starting PushDeployAsync" date="2025-11-24T22:32:33.997" /><!-- duration: 2ms -->
    <step title="Writing artifact to /tmp/zipdeploy/7b836d89-ad40-4a7f-855d-0c6e7123b440.zip" date="2025-11-24T22:32:34.041" >
      <step title="Writing multipart request body to /tmp/zipdeploy/7b836d89-ad40-4a7f-855d-0c6e7123b440.zip" date="2025-11-24T22:32:34.045" /><!-- duration: 13ms -->
    </step><!-- duration: 581ms -->
    <step title="Start deployment in the background" date="2025-11-24T22:32:34.632" >
      <step title="Acquiring Deployment Lock" date="2025-11-24T22:32:34.662" /><!-- duration: 11ms -->
      <step title="Acquired Deployment Lock" date="2025-11-24T22:32:34.724" /><!-- duration: 2ms -->
    </step><!-- duration: 171ms -->
  </step><!-- duration: 855ms -->
  <step title="Outgoing response" date="2025-11-24T22:32:34.852" type="response" statusCode="202" statusText="Accepted" /><!-- duration: 3ms -->
</step><!-- duration: 951ms -->
