<step title="BackgroundTrace" date="2025-11-24T22:16:33.172" instance="d8ce03" url="/api/zipdeploy" method="POST" >
  <step title="Creating temporary deployment - FetchDeploymentManager" date="2025-11-24T22:16:33.306" /><!-- duration: 2ms -->
  <step title="Creating temporary deployment" date="2025-11-24T22:16:33.313" /><!-- duration: 104ms -->
  <step title="Performing fetch based deployment" date="2025-11-24T22:16:33.527" >
    <step title="Cleaning up temp folders from previous zip deployments and extracting pushed zip file /tmp/zipdeploy/3421cd32-5079-4325-98d5-258be5eaf893.zip (0.29 MB) to /tmp/zipdeploy/extracted" date="2025-11-24T22:16:34.778" >
      <step title="ChmodRecursive Process exited with total time taken in ms: 103" date="2025-11-24T22:16:35.241" /><!-- duration: 8ms -->
    </step><!-- duration: 488ms -->
    <step title="Deployment timer started" date="2025-11-24T22:16:37.351" >
      <step title="DeploymentManager.Deploy(id:9c90432b-f2ec-4de8-986b-c6cfe9c83dae)" date="2025-11-24T22:16:37.357" >
        <step title="Collecting changeset information" date="2025-11-24T22:16:37.393" /><!-- duration: 129ms -->
        <step title="Updating submodules" date="2025-11-24T22:16:37.529" /><!-- duration: 1133ms -->
        <step title="Determining deployment builder" date="2025-11-24T22:16:38.955" >
          <step title="Builder is OryxBuilder" date="2025-11-24T22:16:38.979" /><!-- duration: 2ms -->
        </step><!-- duration: 30ms -->
        <step title="PreDeployment: context.CleanOutputPath False" date="2025-11-24T22:16:39.085" >
          <step title="PreDeployment: context.OutputPath /home/site/wwwroot" date="2025-11-24T22:16:39.251" >
            <step title="Building" date="2025-11-24T22:16:39.438" >
              <step title="Executing external process" date="2025-11-24T22:16:39.830" type="process" path="bash" arguments="-c &quot;oryx build /tmp/zipdeploy/extracted -o /home/site/wwwroot --platform python --platform-version 3.12 -p virtualenv_name=antenv --log-file /tmp/build-debug.log  -i /tmp/8de2ba72397d676 --compress-destination-dir | tee /tmp/oryx-build.log ; exit $PIPESTATUS &quot;" >
                <step title="Cpu: python(1103,34.390s)+ts(1104,0.150s)+build.sh(1102,0.000s)+build.sh(1101,0.000s)+build.sh(993,0.060s)+oryx(970,7.190s)+tee(971,0.000s)+bash(969,0.000s)=total(41.780s)" date="2025-11-24T22:19:01.743" /><!-- duration: 56ms -->
                <step title="bash: no io activity for 61s, prev-cpu=-1.000s, current-cpu=41.780s" date="2025-11-24T22:19:01.866" /><!-- duration: 17ms -->
                <step title="Cpu: python(1103,72.610s)+ts(1104,0.160s)+build.sh(1102,0.000s)+build.sh(1101,0.000s)+build.sh(993,0.060s)+oryx(970,7.310s)+tee(971,0.000s)+bash(969,0.000s)=total(80.120s)" date="2025-11-24T22:20:02.408" /><!-- duration: 11ms -->
                <step title="bash: no io activity for 122s, prev-cpu=41.780s, current-cpu=80.120s" date="2025-11-24T22:20:02.541" /><!-- duration: 81ms -->
                <step title="Cpu: python(1103,112.160s)+ts(1104,0.160s)+build.sh(1102,0.000s)+build.sh(1101,0.000s)+build.sh(993,0.060s)+oryx(970,7.400s)+tee(971,0.000s)+bash(969,0.000s)=total(119.760s)" date="2025-11-24T22:21:03.089" /><!-- duration: 19ms -->
                <step title="bash: no io activity for 182s, prev-cpu=80.120s, current-cpu=119.760s" date="2025-11-24T22:21:03.154" /><!-- duration: 20ms -->
                <step title="Cpu: python(1103,140.240s)+ts(1104,0.160s)+build.sh(1102,0.000s)+build.sh(1101,0.000s)+build.sh(993,0.060s)+oryx(970,7.470s)+tee(971,0.000s)+bash(969,0.000s)=total(147.930s)" date="2025-11-24T22:22:03.787" /><!-- duration: 135ms -->
                <step title="bash: no io activity for 243s, prev-cpu=119.760s, current-cpu=147.930s" date="2025-11-24T22:22:04.172" /><!-- duration: 88ms -->
                <step title="Cpu: python(1103,151.310s)+ts(1104,0.160s)+build.sh(1102,0.000s)+build.sh(1101,0.000s)+build.sh(993,0.060s)+oryx(970,7.490s)+tee(971,0.000s)+bash(969,0.000s)=total(159.000s)" date="2025-11-24T22:23:04.749" /><!-- duration: 50ms -->
                <step title="bash: no io activity for 304s, prev-cpu=147.930s, current-cpu=159.000s" date="2025-11-24T22:23:04.848" /><!-- duration: 44ms -->
                <step title="Cpu: python(1103,169.310s)+ts(1104,0.160s)+build.sh(1102,0.000s)+build.sh(1101,0.000s)+build.sh(993,0.060s)+oryx(970,7.540s)+tee(971,0.000s)+bash(969,0.000s)=total(177.070s)" date="2025-11-24T22:24:05.919" /><!-- duration: 40ms -->
                <step title="bash: no io activity for 365s, prev-cpu=159.000s, current-cpu=177.070s" date="2025-11-24T22:24:06.100" /><!-- duration: 11ms -->
                <step title="Cpu: python(1103,204.230s)+ts(1104,0.160s)+build.sh(1102,0.000s)+build.sh(1101,0.000s)+build.sh(993,0.060s)+oryx(970,7.620s)+tee(971,0.000s)+bash(969,0.000s)=total(212.060s)" date="2025-11-24T22:25:06.565" /><!-- duration: 13ms -->
                <step title="bash: no io activity for 426s, prev-cpu=177.070s, current-cpu=212.060s" date="2025-11-24T22:25:06.625" /><!-- duration: 10ms -->
                <step title="Cpu: rsync(1301,9.660s)+rsync(1300,1.130s)+rsync(1297,9.900s)+build.sh(993,0.070s)+oryx(970,8.620s)+tee(971,0.000s)+bash(969,0.000s)=total(29.380s)" date="2025-11-24T22:26:30.732" /><!-- duration: 20ms -->
                <step title="bash: no io activity for 61s, prev-cpu=-1.000s, current-cpu=29.380s" date="2025-11-24T22:26:30.766" /><!-- duration: 30ms -->
                <step title="Cpu: rsync(1301,20.310s)+rsync(1300,1.970s)+rsync(1297,18.530s)+build.sh(993,0.070s)+oryx(970,8.760s)+tee(971,0.000s)+bash(969,0.000s)=total(49.630s)" date="2025-11-24T22:27:31.815" /><!-- duration: 57ms -->
                <step title="bash: no io activity for 121s, prev-cpu=29.380s, current-cpu=49.630s" date="2025-11-24T22:27:32.271" /><!-- duration: 7ms -->
                <step title="Cpu: rsync(1301,21.850s)+rsync(1300,2.260s)+rsync(1297,20.070s)+build.sh(993,0.070s)+oryx(970,8.770s)+tee(971,0.000s)+bash(969,0.000s)=total(53.010s)" date="2025-11-24T22:28:33.759" /><!-- duration: 28ms -->
                <step title="bash: no io activity for 183s, prev-cpu=49.630s, current-cpu=53.010s" date="2025-11-24T22:28:33.865" /><!-- duration: 10ms -->
