<step title="Incoming Request" date="2025-11-25T00:08:30.555" instance="d8ce03" url="/api/deployments/latest?deployer=OneDeploy&amp;time=2025-11-25_00-08-22Z" method="GET" type="request" pid="770,1,31" Host="learnai-app.scm.azurewebsites.net" User-Agent="GITHUBACTIONS_DeployWebAppToAzure_9767a614f689813e3677eebe167d25ccc800c22238519a94f255bdb6ea441a00" Authorization="Bea..." Content-Type="application/json; charset=utf-8" Cookie="ARRAffinity=d8ce030d10a8488f5af05adb44862a92568cc382a56095090ac9f1a788fb1dff;Path=/;HttpOnly;Secure;Domain=learnai-app.scm.azurewebsites.net; ARRAffinitySameSite=d8ce030d10a8488f5af05adb44862a92568cc382a56095090ac9f1a788fb1dff;Path=/;HttpOnly;SameSite=None;Secure;Domain=learnai-app.scm.azurewebsites.net" Content-Length="0" X-ARR-LOG-ID="f8b1be11-61a8-48a4-9ff5-c0c62c0683cb" CLIENT-IP="48.217.140.230:29745" X-SITE-DEPLOYMENT-ID="learnai-app" WAS-DEFAULT-HOSTNAME="learnai-app.scm.azurewebsites.net" X-Forwarded-Proto="https" X-AppService-Proto="https" X-Forwarded-TlsVersion="1.3" X-WAWS-Unencoded-URL="/api/deployments/latest?deployer=OneDeploy&amp;time=2025-11-25_00-08-22Z" X-Client-IP="48.217.140.230" X-Client-Port="29745" >
  <step title="Cleanup Xml Logs" date="2025-11-25T00:08:30.563" >
    <step title="Cleanup Infos" date="2025-11-25T00:08:30.594" totalFiles="330" totalCleanup="170" /><!-- duration: 11ms -->
  </step><!-- duration: 51ms -->
  <step title="DeploymentService.GetResult" date="2025-11-25T00:08:30.631" >
    <step title="DeploymentService.GetLatestDeployment" date="2025-11-25T00:08:30.640" >
      <step title="DeploymentManager.GetResults" date="2025-11-25T00:08:30.643" /><!-- duration: 466ms -->
    </step><!-- duration: 481ms -->
  </step><!-- duration: 493ms -->
  <step title="Outgoing response" date="2025-11-25T00:08:31.128" type="response" statusCode="202" statusText="Accepted" /><!-- duration: 3ms -->
</step><!-- duration: 579ms -->
