<step title="Incoming Request" date="2025-11-24T23:58:03.949" instance="d8ce03" url="/api/deployments/latest?deployer=OneDeploy&amp;time=2025-11-24_23-55-05Z" method="GET" type="request" pid="770,1,34" Host="learnai-app.scm.azurewebsites.net" User-Agent="GITHUBACTIONS_DeployWebAppToAzure_9767a614f689813e3677eebe167d25ccc800c22238519a94f255bdb6ea441a00" Authorization="Bea..." Content-Type="application/json; charset=utf-8" Cookie="ARRAffinity=d8ce030d10a8488f5af05adb44862a92568cc382a56095090ac9f1a788fb1dff;Path=/;HttpOnly;Secure;Domain=learnai-app.scm.azurewebsites.net; ARRAffinitySameSite=d8ce030d10a8488f5af05adb44862a92568cc382a56095090ac9f1a788fb1dff;Path=/;HttpOnly;SameSite=None;Secure;Domain=learnai-app.scm.azurewebsites.net" Content-Length="0" X-ARR-LOG-ID="edaabbb0-5762-4b65-88fe-3f366fb01b75" CLIENT-IP="172.184.219.161:12290" X-SITE-DEPLOYMENT-ID="learnai-app" WAS-DEFAULT-HOSTNAME="learnai-app.scm.azurewebsites.net" X-Forwarded-Proto="https" X-AppService-Proto="https" X-Forwarded-TlsVersion="1.3" X-WAWS-Unencoded-URL="/api/deployments/latest?deployer=OneDeploy&amp;time=2025-11-24_23-55-05Z" X-Client-IP="172.184.219.161" X-Client-Port="12290" >
  <step title="Cleanup Xml Logs" date="2025-11-24T23:58:03.987" >
    <step title="Cleanup Infos" date="2025-11-24T23:58:04.045" totalFiles="290" totalCleanup="130" /><!-- duration: 47ms -->
  </step><!-- duration: 134ms -->
  <step title="DeploymentService.GetResult" date="2025-11-24T23:58:04.209" >
    <step title="DeploymentService.GetLatestDeployment" date="2025-11-24T23:58:04.264" >
      <step title="DeploymentManager.GetResults" date="2025-11-24T23:58:04.274" /><!-- duration: 823ms -->
    </step><!-- duration: 880ms -->
  </step><!-- duration: 956ms -->
  <step title="Outgoing response" date="2025-11-24T23:58:05.183" type="response" statusCode="202" statusText="Accepted" /><!-- duration: 36ms -->
</step><!-- duration: 1341ms -->
