<step title="BackgroundTrace" date="2025-11-25T00:08:22.549" instance="d8ce03" url="/api/publish" method="POST" >
  <step title="Creating temporary deployment - FetchDeploymentManager" date="2025-11-25T00:08:22.618" /><!-- duration: 2ms -->
  <step title="Creating temporary deployment" date="2025-11-25T00:08:22.623" /><!-- duration: 65ms -->
  <step title="Performing fetch based deployment" date="2025-11-25T00:08:22.724" >
    <step title="Cleaning up temp folders from previous zip deployments and extracting pushed zip file /tmp/zipdeploy/c45e1e2d-79f3-4eeb-bac1-c9e5b4168d3a.zip (0.10 MB) to /tmp/zipdeploy/extracted" date="2025-11-25T00:08:23.870" >
      <step title="ChmodRecursive Process exited with total time taken in ms: 159" date="2025-11-25T00:08:24.181" /><!-- duration: 10ms -->
    </step><!-- duration: 349ms -->
    <step title="Deployment timer started" date="2025-11-25T00:08:26.234" >
      <step title="DeploymentManager.Deploy(id:30234da8-e7da-47d2-b50e-0ec8baedf192)" date="2025-11-25T00:08:26.240" >
        <step title="Collecting changeset information" date="2025-11-25T00:08:26.248" /><!-- duration: 84ms -->
        <step title="Updating submodules" date="2025-11-25T00:08:26.336" /><!-- duration: 1152ms -->
        <step title="Determining deployment builder" date="2025-11-25T00:08:27.742" >
          <step title="Builder is OryxBuilder" date="2025-11-25T00:08:27.753" /><!-- duration: 10ms -->
        </step><!-- duration: 37ms -->
        <step title="PreDeployment: context.CleanOutputPath False" date="2025-11-25T00:08:27.829" >
          <step title="PreDeployment: context.OutputPath /home/site/wwwroot" date="2025-11-25T00:08:27.949" >
            <step title="Building" date="2025-11-25T00:08:28.097" >
              <step title="Executing external process" date="2025-11-25T00:08:28.447" type="process" path="bash" arguments="-c &quot;oryx build /tmp/zipdeploy/extracted -o /home/site/wwwroot --platform python --platform-version 3.12 -p virtualenv_name=antenv --log-file /tmp/build-debug.log  -i /tmp/8de2bb6c25a0fa9 --compress-destination-dir | tee /tmp/oryx-build.log ; exit $PIPESTATUS &quot;" >
                <step title="Cpu: python(2090,43.290s)+ts(2091,0.190s)+build.sh(2089,0.000s)+build.sh(2088,0.000s)+build.sh(2006,0.060s)+oryx(1986,3.420s)+tee(1987,0.000s)+bash(1985,0.010s)=total(46.960s)" date="2025-11-25T00:09:48.775" /><!-- duration: 9ms -->
                <step title="bash: no io activity for 61s, prev-cpu=-1.000s, current-cpu=46.960s" date="2025-11-25T00:09:48.815" /><!-- duration: 26ms -->
                <step title="Cpu: python(2090,83.630s)+ts(2091,0.190s)+build.sh(2089,0.000s)+build.sh(2088,0.000s)+build.sh(2006,0.060s)+oryx(1986,3.620s)+tee(1987,0.000s)+bash(1985,0.010s)=total(87.500s)" date="2025-11-25T00:10:49.188" /><!-- duration: 29ms -->
                <step title="bash: no io activity for 121s, prev-cpu=46.960s, current-cpu=87.500s" date="2025-11-25T00:10:49.226" /><!-- duration: 2ms -->
                <step title="Cpu: gzip(2174,21.050s)+sh(2173,0.000s)+tar(2172,1.720s)+build.sh(2006,0.070s)+oryx(1986,4.130s)+tee(1987,0.000s)+bash(1985,0.010s)=total(26.970s)" date="2025-11-25T00:13:10.320" /><!-- duration: 18ms -->
                <step title="bash: no io activity for 60s, prev-cpu=-1.000s, current-cpu=26.970s" date="2025-11-25T00:13:10.349" /><!-- duration: 10ms -->
                <step title="Cpu: gzip(2174,61.480s)+sh(2173,0.000s)+tar(2172,5.290s)+build.sh(2006,0.070s)+oryx(1986,4.250s)+tee(1987,0.000s)+bash(1985,0.010s)=total(71.100s)" date="2025-11-25T00:14:10.925" /><!-- duration: 10ms -->
                <step title="bash: no io activity for 121s, prev-cpu=26.970s, current-cpu=71.100s" date="2025-11-25T00:14:10.972" /><!-- duration: 11ms -->
              </step><!-- duration: 354990ms -->
              <step title="Using PythonDeploymentLogParser" date="2025-11-25T00:14:24.136" /><!-- duration: 3ms -->
              <step title="Modified file to trigger a restart of the app container." date="2025-11-25T00:14:25.745" /><!-- duration: 3ms -->
              <step title="Skip function trigger and logicapp sync because function is not enabled." date="2025-11-25T00:14:25.752" /><!-- duration: 8ms -->
            </step><!-- duration: 358557ms -->
          </step><!-- duration: 358762ms -->
          <step title="Cleaning up temp files" date="2025-11-25T00:14:26.732" /><!-- duration: 3857ms -->
          <step title="Cleaning up temp files" date="2025-11-25T00:14:30.594" /><!-- duration: 505ms -->
          <step title="Reloading status file with latest updates" date="2025-11-25T00:14:31.162" >
            <step title="WebHooksManager.PublishEventAsync: PostDeployment" date="2025-11-25T00:14:31.172" /><!-- duration: 53ms -->
          </step><!-- duration: 70ms -->
          <step title="Cleaning up temporary deployment - fetch deployment was successful" date="2025-11-25T00:14:31.237" /><!-- duration: 3ms -->
        </step><!-- duration: 363460ms -->
      </step><!-- duration: 365064ms -->
