<step title="Incoming Request" date="2025-11-24T23:28:49.500" instance="d8ce03" url="/api/deployments/latest?deployer=OneDeploy&amp;time=2025-11-24_23-13-16Z" method="GET" type="request" pid="770,1,28" Host="learnai-app.scm.azurewebsites.net" User-Agent="GITHUBACTIONS_DeployWebAppToAzure_9767a614f689813e3677eebe167d25ccc800c22238519a94f255bdb6ea441a00" Authorization="Bea..." Content-Type="application/json; charset=utf-8" Cookie="ARRAffinity=d8ce030d10a8488f5af05adb44862a92568cc382a56095090ac9f1a788fb1dff;Path=/;HttpOnly;Secure;Domain=learnai-app.scm.azurewebsites.net; ARRAffinitySameSite=d8ce030d10a8488f5af05adb44862a92568cc382a56095090ac9f1a788fb1dff;Path=/;HttpOnly;SameSite=None;Secure;Domain=learnai-app.scm.azurewebsites.net" Content-Length="0" X-ARR-LOG-ID="1435f2df-c239-44c8-b37b-b5f578622323" CLIENT-IP="52.190.183.80:60418" X-SITE-DEPLOYMENT-ID="learnai-app" WAS-DEFAULT-HOSTNAME="learnai-app.scm.azurewebsites.net" X-Forwarded-Proto="https" X-AppService-Proto="https" X-Forwarded-TlsVersion="1.3" X-WAWS-Unencoded-URL="/api/deployments/latest?deployer=OneDeploy&amp;time=2025-11-24_23-13-16Z" X-Client-IP="52.190.183.80" X-Client-Port="60418" >
  <step title="Cleanup Xml Logs" date="2025-11-24T23:28:49.509" >
    <step title="Cleanup Infos" date="2025-11-24T23:28:49.549" totalFiles="230" totalCleanup="70" /><!-- duration: 11ms -->
  </step><!-- duration: 69ms -->
  <step title="DeploymentService.GetResult" date="2025-11-24T23:28:49.628" >
    <step title="DeploymentService.GetLatestDeployment" date="2025-11-24T23:28:49.636" >
      <step title="DeploymentManager.GetResults" date="2025-11-24T23:28:49.646" /><!-- duration: 416ms -->
    </step><!-- duration: 439ms -->
  </step><!-- duration: 477ms -->
  <step title="Outgoing response" date="2025-11-24T23:28:50.114" type="response" statusCode="202" statusText="Accepted" /><!-- duration: 19ms -->
</step><!-- duration: 643ms -->
