<step title="Incoming Request" date="2025-11-25T00:00:35.665" instance="d8ce03" url="/api/deployments/latest?deployer=OneDeploy&amp;time=2025-11-24_23-55-05Z" method="GET" type="request" pid="770,1,35" Host="learnai-app.scm.azurewebsites.net" User-Agent="GITHUBACTIONS_DeployWebAppToAzure_9767a614f689813e3677eebe167d25ccc800c22238519a94f255bdb6ea441a00" Authorization="Bea..." Content-Type="application/json; charset=utf-8" Cookie="ARRAffinity=d8ce030d10a8488f5af05adb44862a92568cc382a56095090ac9f1a788fb1dff;Path=/;HttpOnly;Secure;Domain=learnai-app.scm.azurewebsites.net; ARRAffinitySameSite=d8ce030d10a8488f5af05adb44862a92568cc382a56095090ac9f1a788fb1dff;Path=/;HttpOnly;SameSite=None;Secure;Domain=learnai-app.scm.azurewebsites.net" Content-Length="0" X-ARR-LOG-ID="ccf6e483-5416-4f92-bf02-efc7b46ad7e0" CLIENT-IP="172.184.219.161:12290" X-SITE-DEPLOYMENT-ID="learnai-app" WAS-DEFAULT-HOSTNAME="learnai-app.scm.azurewebsites.net" X-Forwarded-Proto="https" X-AppService-Proto="https" X-Forwarded-TlsVersion="1.3" X-WAWS-Unencoded-URL="/api/deployments/latest?deployer=OneDeploy&amp;time=2025-11-24_23-55-05Z" X-Client-IP="172.184.219.161" X-Client-Port="12290" >
  <step title="Cleanup Xml Logs" date="2025-11-25T00:00:35.671" >
    <step title="Cleanup Infos" date="2025-11-25T00:00:35.701" totalFiles="314" totalCleanup="154" /><!-- duration: 17ms -->
  </step><!-- duration: 56ms -->
  <step title="DeploymentService.GetResult" date="2025-11-25T00:00:35.746" >
    <step title="DeploymentService.GetLatestDeployment" date="2025-11-25T00:00:35.755" >
      <step title="DeploymentManager.GetResults" date="2025-11-25T00:00:35.759" /><!-- duration: 348ms -->
    </step><!-- duration: 362ms -->
  </step><!-- duration: 379ms -->
  <step title="Outgoing response" date="2025-11-25T00:00:36.146" type="response" statusCode="202" statusText="Accepted" /><!-- duration: 9ms -->
</step><!-- duration: 498ms -->
