<step title="Incoming Request" date="2025-11-24T23:13:15.766" instance="d8ce03" url="/api/publish?async=true&amp;deployer=GITHUB_ONE_DEPLOY&amp;type=zip&amp;message=%7B%22type%22%3A%22deployment%22%2C%22sha%22%3A%22588ffc91c6b5bc80f54e3096b939ec7a24564bdc%22%2C%22repoName%22%3A%22Junior620%2FlearnAI%22%2C%22actor%22%3A%22Junior620%22%2C%22slotName%22%3A%22Production%22%2C%22commitMessage%22%3A%22Add%20or%20update%20the%20Azure%20App%20Service%20build%20and%20deployment%20workflow%20config%22%7D" method="POST" type="request" pid="770,1,7" Host="learnai-app.scm.azurewebsites.net" User-Agent="GITHUBACTIONS_DeployWebAppToAzure_9767a614f689813e3677eebe167d25ccc800c22238519a94f255bdb6ea441a00" Authorization="Bea..." Content-Type="application/octet-stream" Cookie="ARRAffinity=d8ce030d10a8488f5af05adb44862a92568cc382a56095090ac9f1a788fb1dff;Path=/;HttpOnly;Secure;Domain=learnai-app.scm.azurewebsites.net; ARRAffinitySameSite=d8ce030d10a8488f5af05adb44862a92568cc382a56095090ac9f1a788fb1dff;Path=/;HttpOnly;SameSite=None;Secure;Domain=learnai-app.scm.azurewebsites.net" Transfer-Encoding="chunked" X-ARR-LOG-ID="a604b260-0397-4819-90f8-60d788fa777d" CLIENT-IP="52.190.183.80:60416" X-SITE-DEPLOYMENT-ID="learnai-app" WAS-DEFAULT-HOSTNAME="learnai-app.scm.azurewebsites.net" X-Forwarded-Proto="https" X-AppService-Proto="https" X-Forwarded-TlsVersion="1.3" X-WAWS-Unencoded-URL="/api/publish?async=true&amp;deployer=GITHUB_ONE_DEPLOY&amp;type=zip&amp;message=%7B%22type%22%3A%22deployment%22%2C%22sha%22%3A%22588ffc91c6b5bc80f54e3096b939ec7a24564bdc%22%2C%22repoName%22%3A%22Junior620%2FlearnAI%22%2C%22actor%22%3A%22Junior620%22%2C%22slotName%22%3A%22Production%22%2C%22commitMessage%22%3A%22Add%20or%20update%20the%20Azure%20App%20Service%20build%20and%20deployment%20workflow%20config%22%7D" X-Client-IP="52.190.183.80" X-Client-Port="60416" >
  <step title="OneDeploy" date="2025-11-24T23:13:15.943" >
    <step title="None repository commit" date="2025-11-24T23:13:15.963" >
      <step title="Commit id: d0eca1b9-a171-42ee-b4ab-160fc6fd7f4c" date="2025-11-24T23:13:15.968" Message="N/A" AuthorName="N/A" AuthorEmail="N/A" /><!-- duration: 3ms -->
    </step><!-- duration: 10ms -->
    <step title="Starting PushDeployAsync" date="2025-11-24T23:13:15.980" /><!-- duration: 9ms -->
    <step title="Writing artifact to /tmp/zipdeploy/8e520208-c474-49f1-b5f7-ac419cbdbdec.zip" date="2025-11-24T23:13:16.044" >
      <step title="Writing multipart request body to /tmp/zipdeploy/8e520208-c474-49f1-b5f7-ac419cbdbdec.zip" date="2025-11-24T23:13:16.048" /><!-- duration: 7ms -->
    </step><!-- duration: 453ms -->
    <step title="Start deployment in the background" date="2025-11-24T23:13:16.542" >
      <step title="Acquiring Deployment Lock" date="2025-11-24T23:13:16.633" /><!-- duration: 15ms -->
      <step title="Acquired Deployment Lock" date="2025-11-24T23:13:16.687" /><!-- duration: 3ms -->
    </step><!-- duration: 255ms -->
  </step><!-- duration: 866ms -->
  <step title="Outgoing response" date="2025-11-24T23:13:16.830" type="response" statusCode="202" statusText="Accepted" /><!-- duration: 3ms -->
</step><!-- duration: 1071ms -->
