<step title="Incoming Request" date="2025-11-24T23:30:06.321" instance="d8ce03" url="/api/deployments/latest?deployer=OneDeploy&amp;time=2025-11-24_23-13-16Z" method="GET" type="request" pid="770,1,28" Host="learnai-app.scm.azurewebsites.net" User-Agent="GITHUBACTIONS_DeployWebAppToAzure_9767a614f689813e3677eebe167d25ccc800c22238519a94f255bdb6ea441a00" Authorization="Bea..." Content-Type="application/json; charset=utf-8" Cookie="ARRAffinity=d8ce030d10a8488f5af05adb44862a92568cc382a56095090ac9f1a788fb1dff;Path=/;HttpOnly;Secure;Domain=learnai-app.scm.azurewebsites.net; ARRAffinitySameSite=d8ce030d10a8488f5af05adb44862a92568cc382a56095090ac9f1a788fb1dff;Path=/;HttpOnly;SameSite=None;Secure;Domain=learnai-app.scm.azurewebsites.net" Content-Length="0" X-ARR-LOG-ID="47f79cd8-2d6a-4b8f-965f-13cce9d34643" CLIENT-IP="52.190.183.80:60418" X-SITE-DEPLOYMENT-ID="learnai-app" WAS-DEFAULT-HOSTNAME="learnai-app.scm.azurewebsites.net" X-Forwarded-Proto="https" X-AppService-Proto="https" X-Forwarded-TlsVersion="1.3" X-WAWS-Unencoded-URL="/api/deployments/latest?deployer=OneDeploy&amp;time=2025-11-24_23-13-16Z" X-Client-IP="52.190.183.80" X-Client-Port="60418" >
  <step title="Cleanup Xml Logs" date="2025-11-24T23:30:06.377" >
    <step title="Cleanup Infos" date="2025-11-24T23:30:06.423" totalFiles="242" totalCleanup="82" /><!-- duration: 9ms -->
  </step><!-- duration: 65ms -->
  <step title="DeploymentService.GetResult" date="2025-11-24T23:30:06.558" >
    <step title="DeploymentService.GetLatestDeployment" date="2025-11-24T23:30:06.596" >
      <step title="DeploymentManager.GetResults" date="2025-11-24T23:30:06.598" /><!-- duration: 809ms -->
    </step><!-- duration: 832ms -->
  </step><!-- duration: 880ms -->
  <step title="Outgoing response" date="2025-11-24T23:30:07.448" type="response" statusCode="202" statusText="Accepted" /><!-- duration: 29ms -->
</step><!-- duration: 1261ms -->
