<step title="BackgroundTrace" date="2025-11-25T08:24:47.176" instance="d8ce03" url="/api/publish" method="POST" >
  <step title="Creating temporary deployment - FetchDeploymentManager" date="2025-11-25T08:24:47.607" /><!-- duration: 2ms -->
  <step title="Creating temporary deployment" date="2025-11-25T08:24:47.616" /><!-- duration: 153ms -->
  <step title="Performing fetch based deployment" date="2025-11-25T08:24:47.814" >
    <step title="Cleaning up temp folders from previous zip deployments and extracting pushed zip file /tmp/zipdeploy/09d752e2-d30b-4e3f-a572-25f21a002d1f.zip (0.10 MB) to /tmp/zipdeploy/extracted" date="2025-11-25T08:24:49.063" >
      <step title="ChmodRecursive Process exited with total time taken in ms: 127" date="2025-11-25T08:24:49.381" /><!-- duration: 20ms -->
    </step><!-- duration: 344ms -->
    <step title="Deployment timer started" date="2025-11-25T08:24:51.432" >
      <step title="DeploymentManager.Deploy(id:3208931a-8dcd-43d8-b87a-efc1cf786529)" date="2025-11-25T08:24:51.439" >
        <step title="Collecting changeset information" date="2025-11-25T08:24:51.513" /><!-- duration: 132ms -->
        <step title="Updating submodules" date="2025-11-25T08:24:51.650" /><!-- duration: 1161ms -->
        <step title="Determining deployment builder" date="2025-11-25T08:24:53.121" >
          <step title="Builder is OryxBuilder" date="2025-11-25T08:24:53.168" /><!-- duration: 11ms -->
        </step><!-- duration: 123ms -->
        <step title="PreDeployment: context.CleanOutputPath False" date="2025-11-25T08:24:53.327" >
          <step title="PreDeployment: context.OutputPath /home/site/wwwroot" date="2025-11-25T08:24:53.472" >
            <step title="Building" date="2025-11-25T08:24:53.646" >
              <step title="Executing external process" date="2025-11-25T08:24:54.032" type="process" path="bash" arguments="-c &quot;oryx build /tmp/zipdeploy/extracted -o /home/site/wwwroot --platform python --platform-version 3.12 -p virtualenv_name=antenv --log-file /tmp/build-debug.log  -i /tmp/8de2bfc1bdfeaa3 --compress-destination-dir | tee /tmp/oryx-build.log ; exit $PIPESTATUS &quot;" >
                <step title="Cpu: python(8276,40.600s)+ts(8277,0.150s)+build.sh(8275,0.000s)+build.sh(8274,0.000s)+build.sh(8191,0.090s)+oryx(8172,4.570s)+tee(8173,0.000s)+bash(8171,0.000s)=total(45.380s)" date="2025-11-25T08:26:21.423" /><!-- duration: 74ms -->
                <step title="bash: no io activity for 61s, prev-cpu=-1.000s, current-cpu=45.380s" date="2025-11-25T08:26:21.547" /><!-- duration: 31ms -->
                <step title="Cpu: python(8276,81.250s)+ts(8277,0.150s)+build.sh(8275,0.000s)+build.sh(8274,0.000s)+build.sh(8191,0.090s)+oryx(8172,4.730s)+tee(8173,0.000s)+bash(8171,0.000s)=total(86.210s)" date="2025-11-25T08:27:22.272" /><!-- duration: 17ms -->
                <step title="bash: no io activity for 123s, prev-cpu=45.380s, current-cpu=86.210s" date="2025-11-25T08:27:22.453" /><!-- duration: 16ms -->
                <step title="Cpu: gzip(8349,37.480s)+sh(8348,0.000s)+tar(8347,2.580s)+build.sh(8191,0.100s)+oryx(8172,5.120s)+tee(8173,0.010s)+bash(8171,0.000s)=total(45.290s)" date="2025-11-25T08:29:32.211" /><!-- duration: 11ms -->
                <step title="bash: no io activity for 61s, prev-cpu=-1.000s, current-cpu=45.290s" date="2025-11-25T08:29:32.252" /><!-- duration: 18ms -->
              </step><!-- duration: 328344ms -->
              <step title="Using PythonDeploymentLogParser" date="2025-11-25T08:30:22.800" /><!-- duration: 4ms -->
              <step title="Modified file to trigger a restart of the app container." date="2025-11-25T08:30:24.150" /><!-- duration: 4ms -->
              <step title="Skip function trigger and logicapp sync because function is not enabled." date="2025-11-25T08:30:24.158" /><!-- duration: 8ms -->
            </step><!-- duration: 331407ms -->
          </step><!-- duration: 331585ms -->
          <step title="Cleaning up temp files" date="2025-11-25T08:30:25.060" /><!-- duration: 4369ms -->
          <step title="Cleaning up temp files" date="2025-11-25T08:30:29.434" /><!-- duration: 511ms -->
          <step title="Reloading status file with latest updates" date="2025-11-25T08:30:29.998" >
            <step title="WebHooksManager.PublishEventAsync: PostDeployment" date="2025-11-25T08:30:30.006" /><!-- duration: 70ms -->
          </step><!-- duration: 81ms -->
          <step title="Cleaning up temporary deployment - fetch deployment was successful" date="2025-11-25T08:30:30.084" /><!-- duration: 3ms -->
        </step><!-- duration: 336816ms -->
      </step><!-- duration: 338714ms -->
