﻿<?xml version="1.0" encoding="utf-8"?>
<deployment>
  <id>bafeb327ad6071cc4143c933e207e040febef2b6</id>
  <author>Junior620</author>
  <deployer>learnaiuser</deployer>
  <authorEmail>juniorlamenace@hotmail.com</authorEmail>
  <message>Fix app import for Azure gunicorn</message>
  <progress></progress>
  <status>Success</status>
  <statusText></statusText>
  <lastSuccessEndTime>2025-11-25T09:29:58.0497487Z</lastSuccessEndTime>
  <receivedTime>2025-11-25T09:21:57.6425083Z</receivedTime>
  <startTime>2025-11-25T09:22:00.5770594Z</startTime>
  <endTime>2025-11-25T09:29:58.0497487Z</endTime>
  <complete>True</complete>
  <is_temp>False</is_temp>
  <is_readonly>False</is_readonly>
  <buildSummary />
</deployment>